# -*- coding: utf-8 -*-

# Resource object code
#
# Created by: The Resource Compiler for PyQt5 (Qt v5.15.2)
#
# WARNING! All changes made in this file will be lost!

from PyQt5 import QtCore

qt_resource_data = b"\
\x00\x00\x4b\x50\
\x89\
\x50\x4e\x47\x0d\x0a\x1a\x0a\x00\x00\x00\x0d\x49\x48\x44\x52\x00\
\x00\x02\x00\x00\x00\x02\x00\x08\x06\x00\x00\x00\xf4\x78\xd4\xfa\
\x00\x00\x00\x04\x73\x42\x49\x54\x08\x08\x08\x08\x7c\x08\x64\x88\
\x00\x00\x00\x01\x73\x52\x47\x42\x00\xae\xce\x1c\xe9\x00\x00\x00\
\x04\x67\x41\x4d\x41\x00\x00\xb1\x8f\x0b\xfc\x61\x05\x00\x00\x00\
\x09\x70\x48\x59\x73\x00\x00\x0e\xc3\x00\x00\x0e\xc3\x01\xc7\x6f\
\xa8\x64\x00\x00\x00\x19\x74\x45\x58\x74\x53\x6f\x66\x74\x77\x61\
\x72\x65\x00\x77\x77\x77\x2e\x69\x6e\x6b\x73\x63\x61\x70\x65\x2e\
\x6f\x72\x67\x9b\xee\x3c\x1a\x00\x00\x01\x87\x69\x54\x58\x74\x58\
\x4d\x4c\x3a\x63\x6f\x6d\x2e\x61\x64\x6f\x62\x65\x2e\x78\x6d\x70\
\x00\x00\x00\x00\x00\x3c\x3f\x78\x70\x61\x63\x6b\x65\x74\x20\x62\
\x65\x67\x69\x6e\x3d\x27\xef\xbb\xbf\x27\x20\x69\x64\x3d\x27\x57\
\x35\x4d\x30\x4d\x70\x43\x65\x68\x69\x48\x7a\x72\x65\x53\x7a\x4e\
\x54\x63\x7a\x6b\x63\x39\x64\x27\x3f\x3e\x0d\x0a\x3c\x78\x3a\x78\
\x6d\x70\x6d\x65\x74\x61\x20\x78\x6d\x6c\x6e\x73\x3a\x78\x3d\x22\
\x61\x64\x6f\x62\x65\x3a\x6e\x73\x3a\x6d\x65\x74\x61\x2f\x22\x3e\
\x3c\x72\x64\x66\x3a\x52\x44\x46\x20\x78\x6d\x6c\x6e\x73\x3a\x72\
\x64\x66\x3d\x22\x68\x74\x74\x70\x3a\x2f\x2f\x77\x77\x77\x2e\x77\
\x33\x2e\x6f\x72\x67\x2f\x31\x39\x39\x39\x2f\x30\x32\x2f\x32\x32\
\x2d\x72\x64\x66\x2d\x73\x79\x6e\x74\x61\x78\x2d\x6e\x73\x23\x22\
\x3e\x3c\x72\x64\x66\x3a\x44\x65\x73\x63\x72\x69\x70\x74\x69\x6f\
\x6e\x20\x72\x64\x66\x3a\x61\x62\x6f\x75\x74\x3d\x22\x75\x75\x69\
\x64\x3a\x66\x61\x66\x35\x62\x64\x64\x35\x2d\x62\x61\x33\x64\x2d\
\x31\x31\x64\x61\x2d\x61\x64\x33\x31\x2d\x64\x33\x33\x64\x37\x35\
\x31\x38\x32\x66\x31\x62\x22\x20\x78\x6d\x6c\x6e\x73\x3a\x74\x69\
\x66\x66\x3d\x22\x68\x74\x74\x70\x3a\x2f\x2f\x6e\x73\x2e\x61\x64\
\x6f\x62\x65\x2e\x63\x6f\x6d\x2f\x74\x69\x66\x66\x2f\x31\x2e\x30\
\x2f\x22\x3e\x3c\x74\x69\x66\x66\x3a\x4f\x72\x69\x65\x6e\x74\x61\
\x74\x69\x6f\x6e\x3e\x31\x3c\x2f\x74\x69\x66\x66\x3a\x4f\x72\x69\
\x65\x6e\x74\x61\x74\x69\x6f\x6e\x3e\x3c\x2f\x72\x64\x66\x3a\x44\
\x65\x73\x63\x72\x69\x70\x74\x69\x6f\x6e\x3e\x3c\x2f\x72\x64\x66\
\x3a\x52\x44\x46\x3e\x3c\x2f\x78\x3a\x78\x6d\x70\x6d\x65\x74\x61\
\x3e\x0d\x0a\x3c\x3f\x78\x70\x61\x63\x6b\x65\x74\x20\x65\x6e\x64\
\x3d\x27\x77\x27\x3f\x3e\x2c\x94\x98\x0b\x00\x00\x49\x1d\x49\x44\
\x41\x54\x78\x5e\xed\xdd\x79\x7c\x54\xe5\xdd\x36\xf0\xeb\x3e\xe7\
\xcc\x92\x4c\x12\x92\x10\x92\xcc\x4c\x16\x08\x10\x16\x51\x03\x28\
\x22\x3b\xa8\xb5\x8a\x4b\x55\x50\x11\x15\x13\x42\x82\x80\x75\x6b\
\xad\xd6\x6a\xa4\xb5\x3e\x6e\x8f\xda\xda\x5a\xc4\xbd\x8b\x6b\xdb\
\xf7\x79\xab\xb5\xd5\xf6\x79\x21\xe0\x1a\x02\xd8\x6a\x01\x41\xaa\
\x80\x84\x45\x59\x03\x59\x66\x39\xf7\xfb\x87\x62\xe3\x2d\x4b\x96\
\x99\x33\x67\xe6\x5c\xdf\xcf\xa7\x9f\x4f\xfb\xbb\x52\xcd\x3a\xf7\
\x35\xe7\x3e\x8b\x00\x11\x39\xc2\x3b\xb5\xc1\x13\x35\x21\x47\x0a\
\x89\xe3\x01\x71\xbc\x94\x38\xbe\xb9\xdd\xcc\xd3\x84\xdc\xab\x41\
\x6c\x82\x86\xf7\x34\xa1\xfd\x65\xfc\x13\x5b\x5f\x52\xff\xbf\x44\
\x94\x7a\x84\x3a\x20\xa2\xd4\xb2\xa2\x36\x38\x09\x90\x77\x00\x62\
\xa2\x9a\xed\x6b\x33\xd5\x11\x34\x4d\xee\xd5\x21\x16\x4e\x7c\x6a\
\xdb\x43\x6a\x46\x44\xa9\x83\x05\x80\x28\x45\x1d\x6d\xe1\x3f\xe4\
\x70\x05\xe0\x10\x16\x01\xa2\xd4\xc6\x02\x40\x94\x62\x96\xcc\x2a\
\xf5\x66\x78\x22\xbf\x84\x40\x95\x9a\xa9\x8e\x56\x00\x0e\xd1\x35\
\xac\x87\xe9\x3e\x65\xf2\x33\x9b\xf6\xaa\x19\x11\x25\x2f\x16\x00\
\xa2\x14\xd2\x70\x75\x49\x99\x88\x46\x7f\x0f\x81\xe1\x6a\x76\x38\
\x9d\x29\x00\x00\x20\x84\x6c\x75\x09\x9c\x35\xe1\xa9\xed\xf5\x6a\
\x46\x44\xc9\x49\x53\x07\x44\x94\x9c\x1a\xe7\x06\xce\x81\x19\x59\
\xd9\xd9\xc5\xbf\x2b\xa4\x14\x69\x21\x53\x2c\xa9\xaf\xf2\x2f\x54\
\x33\x22\x4a\x4e\x3c\x02\x40\x94\xe4\x5e\x9c\x0e\xbd\x5f\x6e\xe0\
\xc7\x12\xe2\x16\xd1\xc5\xbf\xe9\xce\x1e\x01\xe8\xc8\xd0\xf1\x56\
\x5e\x73\xce\xe4\x61\x2f\xad\x09\xa9\x19\x11\x25\x8f\x2e\xbd\x58\
\x10\x91\xbd\xac\xaa\x2c\xec\x13\x75\xeb\xcf\x01\x38\x4d\xcd\x3a\
\xa3\x3b\x05\x00\x00\x74\x21\x77\xbb\xdd\x62\xec\xd8\xc5\xdb\xd6\
\xa9\x19\x11\x25\x07\x6e\x01\x10\x25\xa9\x77\x6b\x02\xa7\x46\x5d\
\xda\xea\xee\x2e\xfe\x3d\x11\x95\x22\xb7\x2d\x84\x0f\x96\x55\xf9\
\xe7\xa8\x19\x11\x25\x07\x16\x00\xa2\x24\xb4\x62\x4e\xf0\xbb\x42\
\xa0\x1e\x42\x04\xd5\xcc\x2a\x52\x42\x0f\x45\xb1\xb8\xbe\x32\xf0\
\x07\x35\x23\x22\xfb\xe3\x16\x00\x51\x12\xf9\x60\x5e\x9f\x8c\xd6\
\xa8\xfb\x71\x00\x97\xa8\x59\x77\x74\x77\x0b\x40\xa5\x6b\x62\xb3\
\x57\x8b\x8c\x3a\xf5\x89\x9d\x3b\xd4\x8c\x88\xec\x89\x47\x00\x88\
\x92\xc4\xca\xab\x0b\x87\xb4\x44\xdc\x0d\xb1\x5a\xfc\x63\x29\x6a\
\xca\x92\xd6\x88\xb6\xa9\xbe\x2a\x38\x55\xcd\x88\xc8\x9e\x58\x00\
\x88\x92\x40\x43\x4d\xe0\x92\x68\x54\x6f\x10\x02\x43\xd4\xcc\x2e\
\x4c\x08\x4f\x38\x6a\xbe\xbc\xac\x32\xc0\x3b\x07\x12\x25\x01\x6e\
\x01\x10\xd9\x58\x63\xcd\x48\x97\x29\xb6\xdd\x2f\x20\xbe\xab\x66\
\xb1\x10\xab\x2d\x00\x95\x21\xf0\x8f\x0c\x37\xc6\x9c\xb4\x78\x5b\
\x8b\x9a\x11\x91\x3d\xb0\x00\x10\xd9\xd4\x5b\xb5\x45\x41\x17\xe4\
\x8b\x00\xc6\xa8\x59\xac\xc4\xab\x00\xe0\x8b\xc3\x8b\xcd\x2e\x17\
\x26\x8f\x7f\x7c\xdb\x4a\x35\x23\xa2\xc4\xe3\x16\x00\x91\x0d\x35\
\xce\x0d\x4e\x31\xa4\x5c\x15\xcf\xc5\x3f\xde\x4c\x20\x33\x14\x46\
\xc3\xd2\xca\xc0\x8d\x6a\x46\x44\x89\xc7\x23\x00\x44\x36\x22\x01\
\xb1\xa2\x36\x78\xb3\x00\x7e\x02\x40\x57\xf3\x58\x8b\xe7\x11\x80\
\x8e\x0c\x4d\xbc\x3e\xb1\xa4\xe9\x2c\xb1\x10\xd6\xfc\x0b\x89\xe8\
\x98\x58\x00\x88\x6c\x62\xf5\xac\xd2\xec\x88\x37\xf2\x6b\x00\xe7\
\xaa\x59\xbc\x58\x55\x00\x00\x40\x17\xd8\xe1\xd6\xe4\x29\x63\x9f\
\xdc\xbe\x49\xcd\x88\xc8\x7a\xdc\x02\x20\xb2\x81\x86\xb9\x81\xe1\
\x11\x4f\x78\xa5\x95\x8b\xbf\xd5\xa2\x12\x05\x6d\x51\xb1\x61\x59\
\xb5\x7f\x86\x9a\x11\x91\xf5\x58\x00\x88\x12\xac\x61\x6e\xa0\x4a\
\x48\xbc\x05\x21\xca\xd4\x2c\xd5\x48\xc0\x15\x0a\xe3\xd9\xfa\x2a\
\xff\x93\x6a\x46\x44\xd6\xe2\x16\x00\x51\x82\x2c\x99\x55\xea\xf5\
\x79\x22\xbf\x10\x02\xb3\xd5\xcc\x2a\x56\x6e\x01\xa8\x74\x0d\xeb\
\x61\xba\x4f\x99\xfc\xcc\xa6\xbd\x6a\x46\x44\xf1\xc7\x02\x40\x94\
\x00\x0d\x57\x97\x94\x89\x68\xf4\xf7\x10\x18\xae\x66\x56\x4a\x64\
\x01\x00\x00\x21\x64\xab\x4b\xe0\xac\x09\x4f\x6d\xaf\x57\x33\x22\
\x8a\x2f\x6e\x01\x10\x59\xac\x71\x6e\xe0\x1c\x98\x91\x95\x89\x5e\
\xfc\xed\x40\x4a\x91\x16\x32\xc5\x92\xfa\x2a\xff\x42\x35\x23\xa2\
\xf8\xe2\x11\x00\x22\x8b\xbc\x38\x1d\x7a\xbf\xdc\xc0\x8f\x25\xc4\
\x2d\xc2\x26\x7f\x7b\x89\x3e\x02\xd0\x91\xa1\xe3\xad\xbc\xe6\x9c\
\xc9\xc3\x5e\x5a\x13\x52\x33\x22\x8a\x3d\x5b\xbc\x08\x11\xa5\xba\
\x55\x95\x85\x7d\xa2\x6e\xfd\x39\x00\xa7\xa9\x59\x22\xd9\xa9\x00\
\x00\x80\x2e\xe4\x6e\xb7\x5b\x8c\x1d\xbb\x78\xdb\x3a\x35\x23\xa2\
\xd8\xe2\x16\x00\x51\x9c\xbd\x5b\x13\x38\x35\xea\xd2\x56\xdb\x6d\
\xf1\xb7\xa3\xa8\x14\xb9\x6d\x21\x7c\xb0\xac\xca\x3f\x47\xcd\x88\
\x28\xb6\x58\x00\x88\xe2\x68\xc5\x9c\xe0\x77\x85\x40\x3d\x84\x08\
\xaa\x19\x1d\x9e\x94\xd0\x43\x51\x2c\xae\xaf\x0c\xfc\x41\xcd\x88\
\x28\x76\xb8\x05\x40\x14\x07\x1f\xcc\xeb\x93\xd1\x1a\x71\x3f\x06\
\x81\x4b\xd5\xcc\x4e\xec\xb6\x05\xa0\xd2\x35\xb1\xd9\xab\x45\x46\
\x9d\xfa\xc4\xce\x1d\x6a\x46\x44\x3d\xc3\x23\x00\x44\x31\xb6\xf2\
\xea\xc2\x21\x2d\x11\x77\x83\xdd\x17\xff\x64\x10\x35\x65\x49\x6b\
\x44\xdb\x54\x5f\x15\x9c\xaa\x66\x44\xd4\x33\x2c\x00\x44\x31\xd4\
\x50\x13\xb8\x24\x1a\xd5\x1b\x84\xc0\x10\x35\xa3\xee\x31\x21\x3c\
\xe1\xa8\xf9\xf2\xb2\xca\xc0\x43\x6a\x46\x44\xdd\xc7\x2d\x80\xc3\
\xa9\xab\xd3\xc6\x6d\xd8\x70\xaa\x66\x9a\xe7\x4b\xe0\x24\x01\x04\
\x00\x04\x20\x44\xa6\xfa\xa1\x96\x91\xb2\x19\x40\x93\x04\x9a\x04\
\xd0\x68\x6a\xda\xff\x7d\x63\xe0\xc0\xb7\xb1\x70\xa1\xbd\x8f\xe1\
\x3a\x44\x63\xcd\x48\x97\xc4\xb6\xfb\x20\xc4\xb5\x6a\x66\x67\x76\
\xdf\x02\x50\xb9\x34\xbc\xe7\x73\x61\xec\x49\x8b\xb7\xb5\xa8\x19\
\x11\x75\x0d\x0b\x40\x07\x13\x67\xcd\xf2\x9a\x6d\x6d\x0b\xa0\x69\
\xdf\x13\x40\x81\x9a\xdb\x8d\x04\x76\xc0\x34\xef\xd7\xbc\xde\x5f\
\xd4\x3f\xf3\x4c\x9b\x9a\x93\x35\xde\xaa\x2d\x0a\xba\x20\x5f\x04\
\x30\x46\xcd\xec\x2e\xd9\x0a\x00\xbe\x38\x6c\xd9\xec\x72\x61\xf2\
\xf8\xc7\xb7\xad\x54\x33\x22\xea\x3c\x16\x80\x2f\x4d\xb8\xf4\xd2\
\x0b\x20\xc4\x43\x00\x4a\xd4\x2c\x09\x6c\x86\x94\xd7\x2d\x7b\xfe\
\xf9\xff\xa3\x06\x14\x5f\x8d\x73\x83\x53\x4c\x13\xcf\x09\x81\x7c\
\x35\x4b\x06\xc9\x58\x00\xf0\xc5\x0b\x97\xa9\x6b\xe2\xa6\x49\x4f\
\x35\xfd\xb7\x9a\x11\x51\xe7\xb0\x00\x00\x62\xfc\x8c\x19\x75\x02\
\xb8\x3d\xc9\xbf\x1f\x52\x02\x3f\x5e\xfe\xdc\x73\x0b\xbf\x38\x38\
\x40\xf1\x24\x01\xb1\xa2\x36\x78\xb3\x00\x7e\x02\x40\x57\xf3\x64\
\x91\xac\x05\xe0\x10\x43\x13\xaf\x4f\x2c\x69\x3a\x4b\x2c\x44\x72\
\x7f\x21\x44\x09\x90\xcc\x0b\x5e\x2c\x88\xf1\x33\x66\x3c\x23\x80\
\x2b\xd4\x20\x59\x49\xe0\x37\xcb\x9f\x7b\x6e\x16\x4b\x40\xfc\xac\
\x9e\x55\x9a\x1d\xf1\x46\x7e\x0d\xe0\x5c\x35\x4b\x36\xc9\x5e\x00\
\x00\x40\x17\xd8\xe1\xd6\xe4\x29\x63\x9f\xdc\xbe\x49\xcd\x88\xe8\
\xc8\x1c\x7d\x15\xc0\x97\xef\xfc\x53\x66\xf1\xc7\x17\x8d\xee\x8a\
\xf1\x33\x66\xd4\xa9\x73\x8a\x8d\x77\xab\x03\x15\x11\x4f\x78\x65\
\x2a\x2c\xfe\xa9\x22\x2a\x51\xd0\x16\x15\x1b\xde\x98\x1d\xb8\x44\
\xcd\x88\xe8\xc8\x1c\x7b\x04\xe0\xcb\x3d\xff\x3f\xa4\xe8\xf7\x40\
\x42\xca\x8b\x78\x4e\x40\x6c\x35\xcc\x0d\x54\x09\x89\x5f\x02\xc2\
\xab\x66\xc9\x2a\x15\x8e\x00\x74\xe4\xd2\xf1\xd4\xc4\x27\xb7\x55\
\xa9\x73\x22\xfa\xa6\x54\x5c\xfc\x8e\x69\xe2\xac\x59\x5e\x19\x0a\
\x7d\x98\xa4\x27\xfc\x75\xd6\x66\xe1\x76\x0f\xe2\xd5\x01\x3d\xb7\
\x64\x56\xa9\xd7\xe7\x89\xfc\x42\x08\xcc\x56\xb3\x64\x97\x6a\x05\
\x00\x00\x74\x0d\xeb\x61\xba\x4f\x99\xfc\xcc\xa6\xbd\x6a\x46\x44\
\xff\xe1\xc8\x2d\x00\xb3\xad\x6d\x41\x8a\x2f\xfe\x00\x50\xf2\xe5\
\xd7\x49\x3d\xf0\x4e\x75\x41\xbf\x0c\x4f\xe4\xad\x54\x5c\xfc\x53\
\x55\xd4\x44\xb9\x29\xda\x9b\xea\xab\x0a\x27\xa8\x19\x11\xfd\x87\
\xf3\x0a\x40\x5d\x9d\x06\x4d\xfb\x9e\x3a\x4e\x49\x9a\xf6\x3d\xd4\
\xd5\x39\xef\x67\x1c\x23\x8d\x73\x03\xe7\x68\x9a\xbe\x12\x02\xc3\
\xd5\x8c\xec\x4d\x4a\x91\x16\x36\xc5\xd2\xfa\x2a\xff\x42\x35\x23\
\xa2\x2f\x38\x6e\x71\x18\xb7\x61\xc3\xa9\xc9\x70\x93\x9f\x58\x10\
\x40\xc1\xb8\x0d\x1b\x4e\x55\xe7\x74\x74\xb2\x0e\xda\x8a\xda\xc0\
\x4f\x4d\x29\xfe\x24\x84\xc8\x51\x73\x4a\x12\x12\x22\x1c\xc5\xed\
\x4b\xab\xfc\x6f\x2e\xa9\x83\xa1\xc6\x44\x4e\xe7\xb8\x02\xa0\x99\
\xe6\xf9\xea\x2c\x95\x39\xed\xeb\xed\xa9\x55\x95\x85\x7d\x1a\xb7\
\x07\x5f\x07\xc4\x0f\x85\x43\xcf\x91\x49\x35\x91\x28\xc6\x60\x53\
\xe1\x8e\x37\x6b\xfc\x83\xd5\x8c\xc8\xc9\x1c\x57\x00\x24\x70\x92\
\x3a\x4b\x65\x4e\xfb\x7a\x7b\xe2\xdd\x9a\xc0\xa9\x51\xb7\xb6\x0a\
\xc0\x69\x6a\x46\xc9\x2d\x2a\x45\x6e\x5b\x08\x1f\x2c\xab\xf2\xcf\
\x51\x33\x22\xa7\x72\x5c\x01\xf8\xf2\xc1\x3e\x8e\xe1\xb4\xaf\xb7\
\xbb\x56\xd4\x14\x5d\x23\x04\xea\x01\x51\xa4\x66\x94\x1a\xa4\x84\
\x1e\x8a\x62\xf1\xd2\x2a\xff\x4b\x6a\x46\xe4\x44\x8e\x2b\x00\x70\
\xde\x82\xe8\xb4\xaf\xb7\x4b\x3e\x98\xd7\x27\x63\x45\x4d\xf0\x39\
\x08\xf9\x73\x01\xe1\x52\x73\x4a\x3d\x91\x28\xa6\x2d\xa9\x0c\x6c\
\x7a\x7b\x76\xbe\x23\xce\x05\x22\x3a\x12\xe7\x15\x80\x44\x3e\xd2\
\x37\x11\x9c\xf6\xf5\x76\x41\x63\x8d\x7f\x70\x4b\xc4\xdd\x00\x81\
\x4b\xd5\x8c\x52\x5b\xd4\x94\x25\xad\x11\x6d\xd3\x1b\xb3\x83\x67\
\xab\x19\x91\x53\x38\xaf\x00\x10\x01\x78\xb7\x36\x70\xb1\x09\x6d\
\x85\x10\x18\xa2\x66\xe4\x0c\x26\x84\xa7\x2d\x62\xbe\xb2\xac\x2a\
\xf0\xa0\x9a\x11\x39\x01\x0b\x00\x39\x4a\x63\xcd\x48\xd7\x8a\x9a\
\xc0\x43\x1a\xc4\x0b\x42\x20\x43\xcd\xc9\x71\x44\x28\x2a\xaf\xab\
\xaf\xf4\xaf\x6e\xac\xf1\xa7\xab\x21\x51\x2a\x63\x01\x20\xc7\x78\
\xab\xb6\x28\x28\xc5\xf6\xa5\x10\xe2\x5a\x35\x23\x67\x0b\x9b\xa8\
\xd8\xdf\x8e\xed\xcb\xab\xfd\x23\xd5\x8c\x28\x55\xb1\x00\x90\x23\
\x34\xce\x0d\x4e\x31\xa4\x5c\x05\x60\x8c\x9a\x11\x01\x80\x09\x64\
\x86\xc2\x68\x58\x5a\x19\xb8\x51\xcd\x88\x52\x11\x0b\x00\xa5\x34\
\x09\x88\x86\xda\xe0\x2d\x52\xe2\x75\x21\x90\xaf\xe6\x44\x1d\x49\
\x40\x8b\x98\xf2\xfe\xa5\x95\x81\xd7\x64\x1d\x5f\x1f\x29\xb5\xf1\
\x17\x9c\x52\xd6\xea\x59\xa5\xd9\x8d\xb5\xc1\xff\x2b\x80\xbb\x00\
\xe8\x6a\x4e\x74\x24\x11\x53\x7e\x6b\xe9\x26\x7f\xd3\x9b\x55\x85\
\xa5\x6a\x46\x94\x2a\x58\x00\x28\x25\xbd\x5b\x1d\xa8\x88\x78\xc2\
\x2b\x01\x9c\xab\x66\x44\x9d\x11\x95\x28\x68\x8b\x8a\x0d\x6f\xcc\
\x0e\x5c\xa2\x66\x44\xa9\x80\x05\x80\x52\x4e\x43\x4d\xa0\x52\xd3\
\xf1\x36\x84\x28\x53\x33\xa2\xae\x90\x80\xab\x2d\x22\x9f\xaf\xaf\
\xf4\x3f\xa1\x66\x44\xc9\x8e\x05\x80\x52\xc6\x92\x59\xa5\xde\x86\
\x9a\xe0\xe3\x42\x88\x27\x01\xe1\x55\x73\xa2\xee\x0a\x9b\xa8\x5a\
\x52\xe9\xff\x70\xc9\xac\xd2\x6c\x35\x23\x4a\x56\x2c\x00\x94\x12\
\xde\xa9\x2e\xe8\xe7\xf3\x46\xde\x14\x02\xb3\xd5\x8c\x28\x16\xa2\
\x26\xca\x25\xda\xb7\xd6\x57\x15\x4e\x50\x33\xa2\x64\xc4\x02\x40\
\x49\xaf\x71\x6e\xe0\x1c\x4d\xd3\x57\x0a\x60\x84\x9a\x11\xc5\x92\
\x09\x91\x1e\x36\xc5\xd2\xfa\x2a\xff\x42\x35\x23\x4a\x36\x2c\x00\
\x94\xb4\x64\x1d\xb4\x86\x9a\xe0\x9d\xa6\x14\x7f\x12\x42\xe4\xa8\
\x39\x51\x5c\x48\x88\x70\x14\xb7\x2f\xad\x0c\xbc\xb1\xa4\x0e\x86\
\x1a\x13\x25\x0b\x16\x00\x4a\x4a\xab\x2a\x0b\xfb\x34\x6e\x0f\xbe\
\x2e\x04\x6e\x15\x80\x50\x73\xa2\x78\x8b\x98\x72\x2c\x36\x15\xee\
\x78\xb3\xc6\x3f\x58\xcd\x88\x92\x01\x0b\x00\x25\x9d\xc6\xb9\xc1\
\xd1\x51\xb7\xb6\x0a\xc0\x69\x6a\x46\x64\xa5\xa8\x14\xb9\x6d\x21\
\x7c\x50\x3f\xdb\x5f\xad\x66\x44\x76\xc7\x02\x40\x49\x65\x45\x4d\
\xd1\x35\xa6\x94\xcb\x00\x51\xa4\x66\x44\x89\x20\x25\xf4\x70\x04\
\x8f\x2d\xad\xf2\xbf\xa4\x66\x44\x76\xc6\x02\x40\x49\xe1\xbd\xcb\
\x0b\x7c\x2b\x6a\x82\xcf\x41\xc8\x9f\x0b\x08\x97\x9a\x13\x25\x5a\
\x24\x8a\x69\x4b\x2a\x03\x9b\xde\x9c\x5b\xc0\x5b\x4e\x53\x52\x60\
\x01\x20\xdb\x6b\xac\xf1\x0f\x0e\xa7\x1b\x0d\x10\xb8\x54\xcd\x88\
\xec\x24\x6a\xca\x92\xf6\x56\xb1\xf9\x8d\xd9\xc1\xb3\xd5\x8c\xc8\
\x6e\x58\x00\xc8\xd6\xde\xad\x0d\x5c\x6c\x42\x5b\x01\x81\xa1\x6a\
\x46\x64\x47\x26\x84\xa7\x2d\x62\xbe\xb2\xac\x2a\xf0\xa0\x9a\x11\
\xd9\x09\x0b\x00\xd9\x52\x63\xcd\x48\xd7\x8a\x9a\xc0\x43\x1a\xc4\
\x0b\x42\x20\x43\xcd\x89\x6c\x4e\x84\xa2\xf2\xba\xfa\x4a\xff\xea\
\xc6\x1a\x7f\xba\x1a\x12\xd9\x01\x0b\x00\xd9\xce\x5b\xb5\x45\x41\
\x29\xb6\x2f\x85\x10\xd7\xaa\x19\x51\x32\x09\x9b\xa8\xd8\xdf\x8e\
\xed\xcb\xab\xfd\x23\xd5\x8c\x28\xd1\x58\x00\xc8\x56\x1a\xe7\x06\
\xa7\x18\x52\xae\x02\x30\x46\xcd\x88\x92\x91\x09\x64\x86\xc2\x68\
\x58\x5a\x19\xb8\x51\xcd\x88\x12\x89\x05\x80\x6c\x41\x02\xa2\xb1\
\x26\x78\xb3\x94\x78\x5d\x08\xf0\x2c\x6a\x4a\x29\x12\xd0\x22\xa6\
\xbc\x7f\x69\x55\xe0\xaf\xb2\x8e\xaf\xbb\x64\x0f\xfc\x45\xa4\x84\
\x5b\x3d\xab\x34\xbb\xb1\x26\xf8\x3f\x52\xe0\xbf\x00\xe8\x6a\x4e\
\x94\x2a\x22\x51\x79\x66\xfd\x66\xff\xd6\x37\xab\x0a\x4b\xd5\x8c\
\xc8\x6a\x2c\x00\x94\x50\xef\x56\x07\x2a\x22\x9e\xf0\x4a\x08\x9c\
\xa7\x66\x44\xa9\x28\x62\xa2\xb0\x2d\x2a\x36\xbc\x31\x3b\x70\x89\
\x9a\x11\x59\x89\x05\x80\x12\xa6\xa1\x26\x50\xa9\xe9\x78\x1b\x42\
\x94\xa9\x19\x51\x2a\x93\x80\xab\x2d\x22\x9f\xaf\xaf\xf4\x3f\xa1\
\x66\x44\x56\x61\x01\x20\xcb\x2d\x99\x55\xea\x6d\xa8\x0d\x3c\x26\
\x84\x78\x12\x10\x5e\x35\x27\x6b\xf8\x4a\x8e\x83\xcb\xcb\x6f\x7f\
\x22\x85\x4d\x54\x2d\xbd\xca\xbf\x6e\xc9\xac\xd2\x6c\x35\x23\x8a\
\x37\x16\x00\xb2\xd4\x3b\xd5\x05\xfd\x7c\xde\xc8\x9b\x02\x82\x0f\
\x4f\x49\xa0\xbc\x53\x2f\x44\xff\xea\x07\x30\x7c\xc1\xdd\xc8\xf2\
\x17\xab\x31\x59\x28\x22\x31\x48\xa2\x7d\x6b\x7d\x55\xe1\x04\x35\
\x23\x8a\x27\x16\x00\xb2\xcc\x8a\x39\xc1\xa9\x9a\xa6\xaf\x14\xc0\
\x08\x35\x23\x6b\x68\xee\x34\x94\x5e\x7a\x1b\x82\xe7\xcc\x87\xd0\
\x0d\x68\x86\x1b\x43\x67\xdd\x82\xa2\x51\x53\x20\xf8\x50\xe5\x84\
\x31\x21\xd2\xc3\xa6\x58\x5a\x5f\xe9\xbf\x43\xcd\x88\xe2\x85\x05\
\x80\xe2\x4e\xd6\x41\x6b\xa8\x09\xde\x29\x35\xbc\x2c\x84\xc8\x51\
\x73\xb2\x86\xb7\x4f\x09\x06\xce\x7b\x04\xd9\xc7\x4f\x52\x23\x14\
\x4d\x99\x86\x21\xd3\xe7\xc3\x30\x0c\x35\x22\xab\x48\x88\xb0\x89\
\xba\xa5\x95\x81\x37\x96\xd4\x81\x3f\x08\x8a\x3b\x16\x00\x8a\xab\
\x55\x95\x85\x7d\x1a\xb7\x07\x5f\x13\x02\xb7\x0a\x80\xef\x31\x13\
\x24\xfb\xf8\x49\x18\x38\xef\x11\x78\xfb\x94\xa8\xd1\x57\xb2\xca\
\x8e\xc3\x89\xf3\xee\x44\x7a\x76\xae\x1a\x91\x85\x22\xa6\x1c\x8b\
\x4d\x85\x3b\xde\xac\xf1\x0f\x56\x33\xa2\x58\x62\x01\xa0\xb8\x69\
\x9c\x1b\x1c\x1d\x75\x6b\xab\x00\x9c\xae\x66\x64\x0d\xa1\x1b\x08\
\x4e\x9d\x8f\xd2\x4b\x6f\x83\xe6\x4e\x53\xe3\x6f\x70\xa5\x67\xe1\
\x84\xb9\x77\x22\x7f\x08\x77\x69\x12\x29\x2a\x45\x6e\x5b\x08\x1f\
\xd4\xcf\xf6\xf3\x5c\x19\x8a\x1b\x16\x00\x8a\x8b\x15\x35\x45\xd7\
\x98\x52\x2e\x03\x44\x91\x9a\x91\x35\x5c\x59\xbd\xd1\xbf\xfa\x01\
\xe4\x8d\xb9\x50\x8d\x8e\xa9\xec\xfc\x6a\x0c\x38\x7b\x26\x34\x8d\
\x2f\x11\x89\x22\x25\xf4\x70\x04\x8f\x2d\xad\xf2\xbf\xa4\x66\x44\
\xb1\xc0\xbf\x6e\x8a\xa9\xf7\x2e\x2f\xf0\x35\xd4\x04\x9f\x85\x90\
\x3f\x17\x10\x2e\x35\x27\x6b\x64\x94\x55\xa0\x7c\xc1\x62\xf8\x4a\
\x8e\x53\xa3\x4e\xcb\x3b\x61\x2c\x4e\xac\xbe\x0d\x9e\x74\x9f\x1a\
\x91\x85\x22\x51\x4c\x5b\x7a\x55\xe0\x93\x37\xe7\x16\xf0\x16\xd9\
\x14\x53\x2c\x00\x14\x33\x8d\x35\xfe\xc1\xe1\x74\xa3\x41\x08\xcc\
\x50\x33\xb2\x88\x10\xc8\x9f\x38\x03\x65\x95\xf7\xc1\xf0\xf5\xfc\
\xd2\x72\x4f\x6e\x01\x86\x2f\xb8\x07\x39\x25\xfd\xd5\x88\x2c\x14\
\x91\xb2\xb4\xbd\x55\x6c\x7e\x63\x76\xf0\x6c\x35\x23\xea\x2e\x16\
\x00\x8a\x89\x77\x6b\x03\x17\x9b\xd0\x56\x40\x60\xa8\x9a\x91\x35\
\x74\xaf\x0f\x7d\x67\x2e\x84\xff\x5b\xd5\x10\xb1\x3c\x74\xaf\x69\
\x18\x74\xd9\x8d\x28\x1d\x7f\x36\x04\xaf\x15\x4c\x18\x13\xc2\xd3\
\x16\x31\x5f\x59\x56\x15\x78\x50\xcd\x88\xba\x23\x86\xaf\x12\xe4\
\x44\x8d\x35\x23\x5d\x2b\x6a\x03\x0f\x6a\x10\x2f\x08\x81\x0c\x35\
\x27\x6b\xa4\xf9\xfb\xa3\x7c\xfe\x22\xf4\x1a\x32\x56\x8d\x62\xc6\
\x3f\xf6\x1c\x1c\x37\xf3\x7a\x18\x6e\xb7\x1a\x91\x75\x44\x28\x2a\
\xaf\xab\xbf\xca\xbf\xaa\xb1\xc6\x9f\xae\x86\x44\x5d\xc1\x02\x40\
\xdd\xb6\x72\x7e\x71\xc0\xc4\xf6\x25\x80\xb8\x4e\xcd\xc8\x3a\xb9\
\x23\xbe\x85\x01\xb5\x0f\xc3\x9d\x1b\x50\xa3\x98\xcb\x28\x1a\x80\
\xe1\xf3\xee\x42\x46\x5e\x81\x1a\x91\x85\xc2\x12\xc3\x9b\xc3\xd8\
\xb6\xb4\x2a\x30\x5c\xcd\x88\x3a\x8b\x05\x80\xba\x65\xc5\x9c\xe0\
\xe4\x68\xd8\x5c\x2d\x04\xe2\xf7\x96\x93\x8e\x4a\x18\x2e\x14\x7d\
\xe7\x7a\x14\x5f\xf4\x03\x68\x2e\x8f\x1a\xc7\x8d\xee\x4d\xc7\xb0\
\xea\x3a\xf8\x2b\xc6\xf0\xc6\x0e\x09\x14\x35\x91\x15\x8d\xca\xc6\
\x65\x95\xc1\xeb\xd5\x8c\xa8\x33\x58\x00\xa8\x4b\x24\x20\x1a\x6b\
\x82\x37\x43\xc3\xdf\x84\x00\xcf\x4a\x4e\x10\x77\x76\x01\x06\xd4\
\xfc\x0c\xbd\x4f\x3e\x47\x8d\x2c\x53\xfa\xed\xcb\x51\xfe\x9d\xd9\
\xd0\x75\x5d\x8d\xc8\x22\x12\xd0\x42\xa6\xf9\xc0\xd2\xaa\xc0\x5f\
\x65\x1d\x5f\xcf\xa9\x6b\xf8\x0b\x43\x9d\xb6\x7a\x56\x69\x76\x63\
\x4d\xf0\x7f\xa4\xc0\x7f\x01\xe0\xab\x7e\x82\x64\x96\x8f\x42\xf9\
\x82\x47\x91\x1e\x1c\xa4\x46\x96\xcb\x19\x3c\x12\x27\xd6\x2e\x84\
\x37\x33\x4b\x8d\xc8\x42\x91\xa8\x3c\xb3\x7e\xb3\x7f\xeb\x9b\x55\
\x85\xa5\x6a\x46\x74\x24\x2c\x00\xd4\x29\xef\x56\x07\x2a\xc2\xde\
\x70\x23\x04\xce\x53\x33\xb2\x88\x10\x28\x3c\xed\x2a\x94\x5d\x79\
\x17\xf4\xb4\x4c\x35\x4d\x18\x77\x56\x2e\x2a\xe6\xdf\x85\xde\xfd\
\x79\x01\x48\x22\x45\x4c\x14\xb6\x45\xc5\x86\x37\x66\x07\x2e\x51\
\x33\xa2\xc3\x61\x01\xa0\x63\x6a\xa8\x09\x54\x6a\x1a\xde\x12\x10\
\xbc\x18\x3c\x41\x8c\xf4\x2c\x94\xcd\xfa\x2f\x14\x4c\xb9\x02\xf6\
\x7c\x6c\x9f\x86\x81\xd3\x17\xa0\xdf\x69\x17\x41\xd3\xec\xf8\xf9\
\x39\x83\x04\x5c\xed\x11\xf9\x7c\x7d\xa5\xff\x09\x35\x23\x52\xb1\
\x00\xd0\x11\x2d\x99\x55\xea\x6d\xa8\x0d\x3c\x26\x84\x78\x12\x42\
\x1c\xfb\x46\xf2\x14\x17\xe9\x45\x83\x30\x70\xfe\xa3\xc8\x1c\x78\
\xb2\x1a\xd9\x4e\xc1\xc9\xa7\x61\xd8\xac\x1f\xc0\xe5\xf5\xaa\x11\
\x59\x44\x02\x08\x9b\xa8\x5a\x7a\x95\x7f\xdd\x92\x59\xa5\x3d\xbf\
\x1b\x14\xa5\x2c\x16\x00\x3a\xac\x77\xaa\x0b\xfa\xf9\xbc\x91\x37\
\x05\x04\x1f\x46\x92\x40\xbd\x47\x9d\x8b\x01\x35\x3f\x87\x3b\x3b\
\x79\xce\xb7\x4c\x2f\x28\xc1\xf0\x05\x77\x23\xcb\x5f\xac\x46\x64\
\xa1\x88\xc4\x20\x89\xf6\xad\xf5\x55\x85\x13\xd4\x8c\x08\x2c\x00\
\x74\x38\x2b\xe6\x04\xa7\x6a\x9a\xbe\x52\x00\x7c\x24\x5c\x82\x68\
\x2e\x0f\x4a\xa6\xdd\x8c\xa2\xf3\xaf\x83\xd0\x93\xef\xd1\xf0\x9a\
\xe1\xc6\xd0\x59\xb7\xa0\x68\xd4\x14\x7b\xee\x58\x38\x84\x09\x91\
\x1e\x36\xc5\xd2\xfa\x4a\xff\x1d\x6a\x46\xc4\x02\x40\x5f\x91\x75\
\xd0\x1a\x6a\x82\x77\x4a\x0d\x2f\x0b\x21\x72\xd4\x9c\xac\xe1\xe9\
\x1d\xc4\xc0\xab\x7f\x89\x9c\xe1\x67\xa8\x51\xd2\x29\x9a\x32\x0d\
\x43\xa6\xcf\x87\x61\x24\x5f\x89\x49\x19\x12\x22\x6c\xa2\x6e\x69\
\x65\xe0\x8d\x25\x75\xe0\x0f\x82\xbe\xc2\x02\x40\x00\x80\x55\x95\
\x85\x7d\x1a\xb7\x07\x5f\x13\x02\xb7\x0a\xf0\xfe\x2e\x89\xd2\x6b\
\xe8\x38\x0c\x9c\xbf\x08\xde\x82\x7e\x6a\x94\xb4\xb2\xca\x8e\x43\
\xc5\xbc\xbb\x90\x9e\x9d\xab\x46\x64\xa1\x88\x29\xc7\x62\x53\xe1\
\x8e\x37\x6b\xfc\x83\xd5\x8c\x9c\x89\x05\x80\xd0\x38\x37\x38\x3a\
\xea\xd6\x56\x01\x38\x5d\xcd\xc8\x1a\x42\xd3\xe0\xff\x76\x0d\xfa\
\xce\x5c\x08\xdd\x93\x7a\xb7\x78\x37\xd2\x33\x70\xc2\xdc\x3b\x91\
\x3f\x84\xbb\x4a\x89\x14\x95\x22\xb7\x2d\x84\x0f\xea\x67\xfb\x79\
\x6e\x0f\xb1\x00\x38\xdd\x8a\x5a\xff\x02\x53\xca\x65\x80\x28\x52\
\x33\xb2\x86\x91\x91\x83\xb2\xaa\xfb\x91\x3f\x3e\xf5\x2f\xdf\x2e\
\x3b\xbf\x1a\x03\xcf\x9e\x09\x2d\x96\x4f\x2b\xa4\x2e\x91\x12\x7a\
\x38\x82\xc7\xea\x2b\xfd\x2f\xaa\x19\x39\x0b\xff\x0a\x1d\xea\xbd\
\xcb\x0b\x7c\x0d\x35\xc1\x67\x01\xed\x61\x01\xe1\x52\x73\xb2\x86\
\xaf\x74\x18\xca\x17\x3c\x8a\x8c\x7e\x27\xaa\x51\xca\xea\x7d\xc2\
\x58\x9c\x58\x7d\x1b\x3c\xe9\x3e\x35\x22\x0b\x85\x4d\x4c\x5f\x7a\
\x55\xe0\x93\x37\xe7\x16\x24\xcf\x25\x26\x14\x53\x2c\x00\x0e\xd4\
\x58\xe3\x1f\x1c\x4e\x37\x1a\x84\xc0\x0c\x35\x23\xeb\xf4\x19\x3b\
\x0d\xfd\xab\x1f\x80\x2b\xb3\xb7\x1a\xa5\x3c\x4f\x6e\x01\x86\x2f\
\xb8\x07\x39\x25\xbc\xb7\x54\x22\x45\xa4\x2c\x6d\x6f\x15\x9b\xdf\
\x98\x1d\x3c\x5b\xcd\x28\xf5\xb1\x00\x38\x4c\x63\x4d\x70\xba\x09\
\x6d\x05\x04\x78\xdf\xd6\x04\xd1\x3c\xe9\xe8\x3b\xa3\x0e\x81\xb3\
\xaf\x86\xd0\x1c\xfc\x48\x05\x4d\xc3\xa0\xcb\x6e\x44\xe9\xf8\xa9\
\x10\xbc\x56\x30\x61\x4c\x08\x4f\x5b\xc4\x7c\xa5\xbe\xca\xff\x80\
\x9a\x51\x6a\x63\x01\x70\x88\xc6\x9a\x91\xae\x15\xb5\x81\x07\xa5\
\xc0\x8b\x42\x20\x43\xcd\xc9\x1a\xde\xfc\xbe\x28\x9f\xf7\x08\x7a\
\x0d\xe3\xbd\x59\x0e\xf1\x8f\x9d\x8a\xe3\x66\x5e\x0f\x97\xdb\xad\
\x46\x64\x1d\x11\x8e\xe2\xfa\xfa\xab\xfc\xab\x1a\x6b\xfc\xa9\x77\
\x16\x2a\x1d\x16\x0b\x80\x03\xac\x9c\x5f\x1c\x30\xb1\x7d\x09\x20\
\xae\x53\x33\xb2\x4e\xf6\x09\x53\x30\xf0\xea\x5f\xc2\x93\xc7\x3b\
\xe4\xa9\x32\x8a\x06\xa0\x62\xde\x5d\xc8\xc8\x2b\x54\x23\xb2\x50\
\x58\x62\x78\x73\x18\xdb\x96\x56\x05\x86\xab\x19\xa5\x1e\x16\x80\
\x14\x37\xc0\xd8\x8b\x68\xd8\x5c\x2d\x04\xc6\xaa\x19\x59\x43\xe8\
\x06\x82\xe7\x5e\x83\xd2\x4b\x6e\x85\xe6\xe6\x3d\xf2\x8f\x44\xf7\
\xa6\x63\x58\xf5\xed\xf0\x57\x8c\xe1\x8d\x28\x12\x28\x6a\x22\x2b\
\x1a\x95\x8d\xcb\x2a\x83\xd7\xab\x19\xa5\x16\xc7\xfd\x9d\x4d\x98\
\x31\x43\xaa\xb3\x54\x24\x00\x4c\xf6\x6c\xc1\x59\x9e\x4f\xa0\xc1\
\x11\x5f\xb2\x2d\xb9\x7a\xf5\x41\xdf\x19\xb7\x23\xbd\xd8\x9e\xa7\
\x5c\x84\x3e\x5b\xab\x8e\x6c\x61\xcf\xba\x95\xf8\xe8\xe5\xa7\x11\
\x8d\x46\xd5\x88\x2c\x64\xe8\xe2\xb5\x89\xc5\x4d\x67\x8b\x85\x30\
\xd5\x8c\x92\x1f\x0b\x40\x0a\xf2\x8a\x08\x2e\x4b\xfb\x10\xc7\x19\
\xbb\xd4\x88\x2c\x94\xd9\x7f\x04\x4a\x2e\xb9\x15\x86\xcf\xbe\x0f\
\x64\xb3\x6b\x01\x00\x80\xd0\xfe\xdd\x58\xfb\x9b\x7b\xd1\xda\xbc\
\x5f\x8d\xc8\x42\x86\x86\xed\x42\x8a\x51\x13\x9f\x6e\xda\xa2\x66\
\x94\xdc\xb8\x05\x90\x62\x02\xfa\x41\xdc\xe0\x5b\xcd\xc5\x3f\x91\
\x84\x40\xc1\xa4\x99\x28\xab\xbc\xd7\xd6\x8b\xbf\xdd\xb9\xb3\x72\
\x71\xe2\xfc\xbb\x90\xd7\xdf\x9e\x47\x4f\x9c\x22\x62\xa2\x30\x22\
\xe5\xc6\xe5\xb3\x83\xd3\xd5\x8c\x92\x1b\x0b\x40\x0a\x39\xd9\xb5\
\x03\xdf\xf5\xad\x46\x6f\xad\x55\x8d\xc8\x22\xba\x37\x03\xfd\x2e\
\xbf\x13\x85\x67\x54\x81\x8f\xc1\x8b\x05\x0d\x03\xa6\x2f\x40\xbf\
\xd3\x2e\x82\xa6\xf1\xfb\x99\x28\x12\x70\x85\x22\xe6\x8b\xcb\xaa\
\x02\x8f\xab\x19\x25\x2f\xc7\xfd\x45\xa5\xe2\x16\x80\x01\x13\x17\
\xa6\x7d\x84\x53\x5c\xdb\xd5\x88\x2c\x94\x16\x18\x80\xbe\x33\xee\
\x80\x3b\xd7\xaf\x46\xb6\x65\xe7\x2d\x00\x55\xcb\x8e\xcd\x58\xfb\
\xdc\x43\x08\xb7\xb5\xa9\x11\x59\xc8\x10\xf8\xd0\x1b\x6e\x1f\x35\
\xfa\x77\xbb\xb9\x37\x93\xe4\x78\x04\x20\xc9\xe5\x6a\x6d\xb8\xc6\
\xf7\x1e\x17\xff\x04\xcb\x1d\x79\x16\x06\xd6\x3e\x9c\x54\x8b\x7f\
\xb2\x49\x2f\x28\xc1\xf0\x05\x77\x23\xcb\xcf\xcb\x28\x13\x29\x22\
\x31\xa8\xc5\x70\x6f\xab\xaf\x2a\xe4\xcd\x2c\x92\x1c\x0b\x40\x12\
\x1b\x62\xec\xc6\x0d\xbe\x55\x28\xd2\x0f\xa8\x11\x59\x44\x18\x6e\
\x14\x5f\xf0\x3d\x14\x5f\xf8\x3d\x08\x83\x37\xb2\x89\x37\xcd\x70\
\x63\xe8\xac\x5b\x50\x34\x6a\x0a\x77\x58\x12\xc8\x84\x48\x0f\x9b\
\x62\x69\x7d\xa5\xff\x0e\x35\xa3\xe4\xe1\xb8\x3f\xa1\x54\xd8\x02\
\x10\x00\xce\xf4\x7c\x82\xd3\x3d\x9b\x9d\xf7\x03\xb4\x11\x77\x4e\
\x21\xfa\x5e\xb6\x10\x69\x81\x01\x6a\x94\x34\x92\x69\x0b\x40\xb5\
\xff\xdf\xff\xc2\xfa\x3f\x3e\x8a\x48\x24\xa2\x46\x64\x21\x97\x2e\
\xde\x30\x8b\x9b\x26\x4f\x5e\x08\xfe\x20\x92\x0c\x8f\x00\x24\x19\
\x9f\x08\xa3\x26\xfd\x7d\x9c\xc1\xc5\x3f\xa1\xb2\x06\x8d\x46\xf9\
\xfc\x45\x49\xbd\xf8\x27\xbb\xac\xb2\xe3\x50\x31\xef\x2e\xa4\x67\
\xe7\xaa\x11\x59\x28\x1c\x95\xe3\xb0\xa9\x70\xc7\xb2\xea\x40\xb9\
\x9a\x91\xbd\xb1\x00\x24\x91\x52\x7d\x3f\x6e\xf4\xad\x42\xb9\xb1\
\x47\x8d\xc8\x2a\x42\xa0\xf0\x8c\x2a\xf4\xbb\xe2\x4e\xe8\x69\x99\
\x6a\x4a\x16\x33\xd2\x33\x70\xc2\xdc\x3b\x91\x3f\x64\x84\x1a\x91\
\x85\xa2\x52\xe4\x86\x23\x72\x4d\xfd\x6c\x7f\xb5\x9a\x91\x7d\xb1\
\x00\x24\x89\x71\xee\x26\xcc\xf7\xfd\x03\xbd\xb4\x76\x35\x22\x8b\
\x18\xe9\xbd\x50\x56\x79\x2f\x0a\x26\xcd\xe4\x25\x7e\x36\x53\x76\
\x7e\x35\x06\x9e\x3d\x13\x9a\xc6\x97\xb4\x44\x91\x12\x7a\x38\x82\
\xc7\xea\x2b\xfd\x2f\xaa\x19\xd9\x93\xe3\x5e\xc5\x92\xed\x1c\x00\
\xb7\x88\xe2\x62\xef\x06\x0c\x77\xed\x54\x23\xb2\x50\x7a\xf1\x50\
\xf4\x9d\x71\x3b\x5c\xbd\xfa\xa8\x51\x52\x4b\xe6\x73\x00\x0e\xa7\
\x7d\xf7\x0e\xac\xf9\xed\xfd\x68\x6f\x39\xa8\x46\x64\x21\x43\x88\
\x4d\x2e\x6f\x74\xd4\xd8\x45\x3b\xf8\xc2\x65\x63\xac\xcb\x36\x96\
\xaf\xb5\xe0\x3a\xdf\x6a\x2e\xfe\x09\x96\x37\xfa\x7c\x0c\x98\xf3\
\x60\xca\x2d\xfe\xa9\xc8\x93\x5b\x80\xe1\x0b\xee\x41\x4e\x49\x7f\
\x35\x22\x0b\x45\xa4\x2c\x6d\x6f\x15\x9b\xdf\x98\x1d\x3c\x5b\xcd\
\xc8\x3e\x58\x00\x6c\xea\x44\xd7\x67\xb8\xce\xb7\x1a\x05\x5a\x8b\
\x1a\x91\x45\x34\xb7\x17\x25\x17\xff\x10\xc1\x73\xbf\x0b\xa1\x1b\
\x6a\x4c\x76\xa5\x69\x18\x74\xd9\x8d\x28\x1d\x3f\x15\x82\x5b\x35\
\x09\x63\x42\x78\xda\x22\xe6\x2b\xf5\x55\xfe\x07\xd4\x8c\xec\xc1\
\x71\x7f\x1d\x76\xdf\x02\xd0\x20\x71\xae\xf7\xdf\x98\xe0\xde\xaa\
\x46\x64\x21\x4f\x5e\x31\xfa\xce\xbc\x03\xde\xfc\xbe\x6a\x94\x52\
\x52\x6d\x0b\x40\x75\xe0\xd3\x8f\xf0\xe1\x8b\xbf\x40\x38\x14\x52\
\x23\xb2\x90\x4b\x60\xb5\x29\xdd\x63\x26\x3f\xb3\x89\xb7\x71\xb4\
\x11\x1e\x01\xb0\x91\x2c\x11\xc2\x3c\xdf\x3f\xb8\xf8\x27\x58\xaf\
\x61\x13\x50\x3e\xef\x91\x94\x5f\xfc\x9d\x20\xa3\x68\x00\x2a\xe6\
\xdd\x85\x8c\xbc\x42\x35\x22\x0b\x85\x25\x86\x43\x0b\xed\x58\x5a\
\x15\x18\xae\x66\x94\x38\x2c\x00\x36\x31\xc0\xd8\x8b\x1b\x33\x56\
\xa2\x9f\xce\xdb\x6b\x27\x8a\xd0\x74\x04\xce\xbe\x1a\x7d\x67\xd4\
\x41\xf3\xa4\xab\x31\x25\x29\xdd\x9b\x8e\x61\xd5\xb7\xc3\x5f\x31\
\xc6\x79\x87\x3c\x6d\x24\x6a\x22\x2b\x1a\x95\x8d\xcb\x2a\x83\xd7\
\xab\x19\x25\x86\xe3\xfe\x1e\xec\xb6\x05\x20\x00\x4c\xf6\x6c\xc1\
\x59\x9e\x4f\xa0\xc1\x56\x9f\x9a\xa3\xb8\x32\x7b\xa3\xf4\xd2\xdb\
\xe0\xeb\x7b\xbc\x1a\xa5\xb4\x54\xdf\x02\x50\xed\x59\xb7\x12\x1f\
\xbd\xfc\x34\xa2\xd1\xa8\x1a\x91\x85\x5c\xba\xf8\xcb\x84\xe2\xa6\
\x73\xc4\x42\x98\x6a\x46\xd6\x61\x01\x48\x20\xaf\x88\x60\x46\xda\
\x87\x18\x66\xec\x52\x23\xb2\x50\x46\xbf\x13\x51\x7a\xc9\x8f\x60\
\x64\x3a\xef\x8e\x72\x4e\x2b\x00\x00\x10\xda\xbf\x1b\x6b\x7f\x73\
\x2f\x5a\x9b\x79\xb4\x2d\x91\x0c\x0d\xdb\x85\x14\xa3\x26\x3e\xdd\
\xb4\x45\xcd\xc8\x1a\xdc\x02\x48\x90\x80\x7e\x10\x37\xf8\x56\x73\
\xf1\x4f\xb0\xfc\xf1\x97\xa0\xac\xea\x3e\x47\x2e\xfe\x4e\xe5\xce\
\xca\xc5\x89\xf3\xef\x42\x5e\xff\xa1\x6a\x44\x16\x8a\x98\x28\x8c\
\x48\xb9\x71\xf9\xec\xe0\x74\x35\x23\x6b\xb0\x00\x24\xc0\xc9\xae\
\x1d\xf8\xae\x6f\x35\x7a\x6b\xad\x6a\x44\x16\xd1\x3d\xe9\xe8\x3b\
\x73\x21\xfc\xdf\xae\x81\xd0\x74\x35\xa6\x94\xa7\x61\xc0\xf4\x05\
\x28\x3b\xfd\x22\x68\x9a\xe3\x0e\x84\xda\x86\x04\x5c\xa1\x88\xf9\
\xe2\xb2\xaa\xc0\xe3\x6a\x46\xf1\xe7\xb8\xdf\xfc\x44\x6e\x01\x18\
\x30\x71\x81\x77\x23\x46\xbb\xb7\xa9\x11\x59\xc8\x5b\xd0\x0f\x7d\
\x67\x2e\x84\xa7\x77\x50\x8d\x1c\xc7\x89\x5b\x00\xaa\xd6\x9d\x5b\
\xb0\xf6\xd9\x07\x11\x6a\xe3\x15\x6a\x89\x64\x68\x62\x9d\x37\xd4\
\x76\xca\xe8\xdf\xed\xe6\xde\x8c\x45\x78\x04\xc0\x22\xb9\x5a\x1b\
\xae\xf1\xbd\xc7\xc5\x3f\xc1\x72\x2a\x4e\xc7\xc0\xab\x7f\xc9\xc5\
\x9f\xbe\x92\x96\x5f\x8c\x8a\x05\x77\x23\xcb\x5f\xac\x46\x64\xa1\
\x88\x29\x07\xb7\x18\xee\x6d\xcb\x2b\xfd\xe3\xd4\x8c\xe2\x83\x05\
\xc0\x02\x43\x8c\xdd\xb8\xc1\xb7\x0a\x45\xfa\x01\x35\x22\x8b\x08\
\xdd\x40\xd1\x79\xd7\xa2\x64\xfa\x2d\xd0\x5c\x1e\x35\x26\x87\xd3\
\x0c\x37\x86\xce\xba\x05\x45\xa3\xa6\xf0\x39\x4f\x09\x64\x42\xa4\
\xb7\x4b\x2c\x5b\x56\x15\xa8\x53\x33\x8a\x3d\xc7\xfd\xaa\x5b\xb9\
\x05\x20\x00\x9c\xe9\xf9\x04\xa7\x7b\x36\x3b\xef\x1b\x6d\x23\xee\
\xec\x7c\x94\xce\xa8\x43\x7a\xd1\x60\x35\x72\x3c\x6e\x01\x7c\xd3\
\xfe\x7f\xff\x0b\xeb\xff\xf8\x28\x22\x91\x88\x1a\x91\x85\x5c\xba\
\x78\xc3\x2c\x6e\x9a\x3c\x79\x21\xf8\x83\x88\x13\x1e\x01\x88\x13\
\x9f\x08\xa3\x26\xfd\x7d\x9c\xc1\xc5\x3f\xa1\x32\x07\x9e\x84\x81\
\xf3\x1f\xe5\xe2\x4f\x9d\x96\x55\x76\x1c\x2a\xe6\xdd\x85\xf4\xec\
\xde\x6a\x44\x16\x0a\x47\xe5\x38\x6c\x2e\xdc\xbe\xac\x3a\x50\xae\
\x66\x14\x1b\x2c\x00\x71\x50\xa2\x37\xe3\x06\xdf\x2a\x94\x1b\x7b\
\xd4\x88\xac\x22\x04\x0a\xa6\x5c\x81\xb2\x59\x77\xc3\x48\xcf\x52\
\x53\xa2\xa3\x32\xd2\x33\x70\xc2\xdc\x9f\x20\x7f\xe8\x08\x35\x22\
\x0b\x45\x4d\xd1\x3b\x12\x91\x6b\x96\x57\x05\xaa\xd4\x8c\x7a\x8e\
\x05\x20\xc6\xc6\xb9\x9b\xb0\xc0\xf7\x1e\xb2\xb5\x76\x35\x22\x8b\
\xe8\x69\x99\x28\xbb\xf2\x2e\x14\x9e\x76\x15\xb8\xa1\x4b\x3d\x51\
\x76\x5e\x35\x06\x9e\x3d\x13\x9a\xc6\x97\xca\x44\x31\x25\xf4\xf6\
\xa8\x7c\xa2\xbe\xd2\xff\xa2\x9a\x51\xcf\x38\xee\xd5\x31\x5e\xe7\
\x00\xb8\x45\x14\x17\x7b\x37\x60\xb8\x6b\xa7\x1a\x91\x85\xd2\x82\
\xe5\xe8\x3b\xa3\x0e\xee\x1c\x3e\xfc\xa5\x33\x78\x0e\x40\xe7\xb4\
\xef\xde\x81\x35\xbf\xbd\x1f\xed\x2d\x07\xd5\x88\x2c\x64\x08\xb1\
\xc9\xe5\x8d\x8e\x1a\xbb\x68\x07\x5f\x68\x63\x80\xb5\x36\x06\xf2\
\xb5\x56\x5c\xeb\x5b\xcd\xc5\x3f\xc1\x7a\x9f\x3c\x15\x03\x6b\x7e\
\xce\xc5\x9f\x62\xce\x93\x5b\x80\xe1\x0b\xee\x41\x4e\x49\x7f\x35\
\x22\x0b\x45\xa4\x2c\x6d\x6f\x15\x9b\x97\xcd\x2e\xfc\xb6\x9a\x51\
\xd7\xb1\x00\xf4\xd0\x89\xae\xcf\x70\x9d\x6f\x15\x0a\xb5\x16\x35\
\x22\x8b\x68\x2e\x0f\x8a\x2f\xba\x09\x45\xdf\xb9\x01\xc2\x70\xa9\
\x31\x51\x6c\x68\x1a\x06\x5d\x76\x23\x4a\xc7\x4f\x85\xe0\xd6\x52\
\xc2\x98\x10\x9e\x50\x44\xbc\x5a\x5f\xe5\x7f\x40\xcd\xa8\x6b\x1c\
\xf7\x5b\x1c\xab\x2d\x00\x0d\x12\xe7\x7a\xff\x8d\x09\xee\xad\x6a\
\x44\x16\x72\xe7\x06\xd0\xf7\xb2\x3b\x90\xe6\xe7\x3b\xb3\xee\xe0\
\x16\x40\xf7\x1c\xf8\xf4\x23\x7c\xf8\xe2\x2f\x10\x0e\x85\xd4\x88\
\x2c\x64\x68\x62\x95\x34\x5d\x63\x27\x3f\xb3\x89\xb7\x71\xec\x06\
\x1e\x01\xe8\x86\x2c\x11\xc2\x3c\xdf\x3f\xb8\xf8\x27\x58\xd6\x90\
\x31\x28\x9f\xbf\x88\x8b\x3f\x59\x2e\xa3\x68\x00\x2a\xe6\xdd\x85\
\x8c\x3c\x6e\x37\x25\x52\xc4\x94\x23\xa0\x85\x76\x2c\xad\x0a\x0c\
\x57\x33\x3a\x36\x16\x80\x2e\xea\x6f\xec\xc5\x0d\x19\xab\xd0\x4f\
\xe7\xed\xaa\x13\x45\x68\x1a\xfc\xdf\xaa\x46\xbf\x99\x3f\x86\xee\
\xf5\xa9\x31\x91\x25\x74\x6f\x3a\x86\x55\xdf\x0e\x7f\xc5\x18\xe7\
\x1d\x4a\xb5\x91\xa8\x89\xac\x68\x54\x36\xd6\x57\xfa\xaf\x53\x33\
\x3a\x3a\xc7\xfd\xde\x76\x77\x0b\x40\x00\x98\xec\xd9\x82\xb3\x3c\
\x9f\x40\x43\xb7\xfe\x11\x14\x03\x86\x2f\x1b\xa5\x97\xfe\x08\x19\
\x65\x2c\xfc\xb1\xc0\x2d\x80\xd8\xd8\xf3\xe1\x2a\x7c\xf4\xa7\xa7\
\x10\x8d\x46\xd5\x88\x2c\xe4\xd2\xc5\x5f\x26\x14\x37\x9d\x23\x16\
\xc2\x54\x33\xfa\x26\x16\x80\x4e\xf0\x8a\x08\x66\xa4\x7d\x88\x61\
\xc6\x2e\x35\x22\x0b\xf9\x4a\x8e\x43\xe9\x8c\xdb\xe1\xca\xca\x53\
\x23\xea\x26\x16\x80\xd8\x09\xed\xdf\x8d\xb5\xbf\xb9\x17\xad\xcd\
\x3c\x3a\x98\x48\x86\x86\xed\x42\x8a\x51\x13\x9f\x6e\xda\xa2\x66\
\xf4\x75\xdc\x02\x38\x86\x80\x7e\x10\x37\xf8\x56\x73\xf1\x4f\xb0\
\xbc\x31\x17\xa2\x7f\xf5\x03\x5c\xfc\xc9\xb6\xdc\x59\xb9\x38\x71\
\xfe\x5d\xc8\xeb\x3f\x54\x8d\xc8\x42\x11\x13\x85\x11\x29\x37\x2e\
\x9f\x1d\x9c\xae\x66\xf4\x75\x2c\x00\x47\x71\xb2\x6b\x07\xbe\xeb\
\x5b\x8d\xde\x5a\xab\x1a\x91\x45\x34\x77\x1a\x4a\x2f\xbd\x0d\xc1\
\xa9\xf3\x21\x74\x43\x8d\x89\x6c\x46\xc3\x80\xe9\x0b\x50\x76\xfa\
\x45\xd0\x34\xc7\x1d\x60\xb5\x0d\x09\xb8\x42\x11\xf3\xc5\x65\x55\
\x81\xc7\xd5\x8c\xfe\xc3\x71\xbf\xa1\x9d\xd9\x02\x30\x60\xe2\x02\
\xef\x46\x8c\x76\x6f\x53\x23\xb2\x90\xb7\x4f\x09\x4a\x67\x2e\x84\
\xb7\x4f\x89\x1a\x51\x8c\x70\x0b\x20\x7e\x5a\x77\x6e\xc1\xda\x67\
\x1f\x44\xa8\x8d\x57\xa8\x25\x92\xa1\x89\x75\xde\x50\xdb\x29\xa3\
\x7f\xb7\x9b\x7b\x33\x0a\x1e\x01\x50\xe4\x6a\x6d\xb8\xc6\xf7\x1e\
\x17\xff\x04\xcb\x3e\x7e\x12\x06\xce\x7b\x84\x8b\x3f\x25\xad\xb4\
\xfc\x62\x54\x2c\xb8\x1b\x59\xfe\x62\x35\x22\x0b\x45\x4c\x39\xb8\
\xd5\x70\x6f\x5b\x5e\xe9\x1f\xa7\x66\x4e\xc7\x02\xd0\xc1\x10\x63\
\x37\x6e\xf0\xad\x42\x91\x7e\x40\x8d\xc8\x22\x42\x37\x10\x9c\x3a\
\x1f\xa5\x97\xde\x06\xcd\x9d\xa6\xc6\x44\x49\x45\x33\xdc\x18\x3a\
\xeb\x16\x14\x9d\x72\x1a\xef\x1e\x98\x40\x51\x88\xf4\x76\x89\x65\
\xcb\xaa\x02\x75\x6a\xe6\x64\x8e\xfb\x8d\x3c\xdc\x16\x80\x00\x70\
\xa6\xe7\x13\x9c\xee\xd9\xec\xbc\x6f\x88\x8d\xb8\xb2\x7a\xa3\x74\
\x46\x1d\x7c\x25\xc7\xa9\x11\xc5\x09\xb7\x00\xac\xb3\xff\xdf\xff\
\xc2\xfa\x3f\x3e\x8a\x48\x24\xa2\x46\x64\x21\x97\x2e\xde\x30\x8b\
\x9b\x26\x4f\x5e\x08\xc7\xff\x20\x1c\x7f\x04\xc0\x27\xc2\xa8\x49\
\x7f\x1f\x67\x70\xf1\x4f\xa8\x8c\xb2\x0a\x94\x2f\x58\xcc\xc5\x9f\
\x52\x56\x56\xd9\x71\xa8\x98\x77\x17\xd2\xb3\x7b\xab\x11\x59\x28\
\x1c\x95\xe3\xb0\xb9\x70\xfb\xb2\xea\x40\xb9\x9a\x39\x8d\xa3\x0b\
\x40\x89\xde\x8c\x1b\x7c\xab\x50\x6e\xec\x51\x23\xb2\x8a\x10\xc8\
\x9f\x38\x03\x65\x95\xf7\xc1\xf0\x65\xab\x29\x51\x4a\x31\xd2\x33\
\x70\xc2\xdc\x9f\x20\x7f\xe8\x08\x35\x22\x0b\x45\x4d\xd1\x3b\x12\
\x91\x6b\x96\x57\x05\xaa\xd4\xcc\x49\x1c\x5b\x00\xc6\xba\x9b\xb0\
\xc0\xf7\x1e\xb2\xb5\x76\x35\x22\x8b\xe8\x5e\x1f\xfa\xce\x5c\x08\
\xff\xb7\xaa\x21\x34\xc7\xfe\x2a\x92\x03\x95\x9d\x57\x8d\x81\x67\
\xcf\x84\xc6\xdf\xfb\x84\x31\x25\xf4\xf6\xa8\x7c\x62\x59\x95\xff\
\x05\x35\x73\x0a\xc7\x1d\xf5\x3e\xfd\xb2\x8b\xe5\x74\xef\x06\x8c\
\x70\xed\x54\x23\xb2\x50\x9a\xbf\x3f\xfa\x5e\x76\x07\xdc\xb9\x01\
\x35\x22\x0b\xf1\x1c\x80\xc4\x6a\xdf\xbd\x03\x6b\x7e\x7b\x3f\xda\
\x5b\x0e\xaa\x11\x59\xc8\xd0\xc4\x27\x2e\x4f\xf4\x94\xb1\x8b\x76\
\x38\x6a\x61\x70\x54\x01\x68\x98\x1b\x18\xb4\x23\xea\x5b\x57\xa8\
\xb5\xa8\x11\x59\x28\x77\xc4\xb7\x10\x3c\xef\x3a\x68\x2e\x8f\x1a\
\x91\xc5\x58\x00\x6c\xc0\x34\xf1\xe1\xf3\x0f\x61\xcf\xe6\x8f\xd4\
\x84\x2c\xa4\x41\xb6\x1b\x06\xbe\x33\xe1\x89\xed\x7f\x55\xb3\x54\
\xa5\xab\x83\x54\xb5\xa2\x36\x38\x4d\x40\xfc\x39\x43\x84\xb9\xea\
\x24\x88\x30\x5c\x28\x3a\xef\x5a\x14\x9e\x5e\xc5\xbb\xfa\xd9\x44\
\xb4\xe5\x73\x75\x44\x56\x13\x02\x79\xc7\x9f\x0a\x5d\x00\xfb\xb7\
\xb0\x04\x24\x8a\x84\x30\xa2\xa6\x98\x59\x3d\x32\x33\xf3\xa9\xd5\
\x07\x5e\x57\xf3\x54\x94\xf2\x47\x00\x96\xd4\xc1\xf0\x6d\x0b\xdc\
\x2b\x84\xb8\x5e\xcd\xc8\x3a\xee\xec\x02\xf4\xbd\xec\x0e\xa4\x05\
\x1d\x7f\xe2\xad\xad\xf0\x08\x80\xbd\x1c\xf8\xf4\x23\x7c\xf8\xe2\
\x2f\x10\x0e\x85\xd4\x88\x2c\x64\x68\x62\x95\x34\x5d\x63\x27\x3f\
\xb3\x29\xa5\x6f\xe3\x98\xd2\x05\x60\xe5\xfc\xe2\x40\x34\x62\xbe\
\x20\x00\xde\x01\x2a\x81\x32\xcb\x47\xa1\xf4\xe2\x1f\x42\x4f\xcb\
\x54\x23\x8a\x93\xa8\x04\xf6\xb4\xeb\x68\x0e\x6b\xca\x7f\xc4\x7f\
\xfe\x7b\x48\xc3\xbf\xf7\x46\xe1\xd2\x24\xbc\x9a\x89\x74\x23\x8a\
\x4c\x23\x82\x6c\x23\x84\x1c\x57\x3b\xfa\xb8\xdb\x90\xef\x6e\x45\
\xff\xb4\xfd\x70\x69\x7c\xba\xaa\x55\xa2\xa1\x36\xac\xfd\xcd\xbd\
\x38\xf0\xd9\x76\x35\x22\x0b\xe9\x1a\xf6\x0b\x21\x26\x4d\x7a\xb2\
\x69\xb5\x9a\xa5\x8a\x94\x2d\x00\x2b\x6a\x83\x93\x00\x3c\x0f\xa0\
\x40\xcd\xc8\x22\x42\xa0\x70\xca\x2c\x14\x4c\xbe\x1c\xe0\x5d\xd0\
\xe2\xae\x3d\x2a\xb0\x7e\x9f\x1b\x6b\xf7\xba\xb1\x61\xbf\x0b\xed\
\xd1\x63\x7f\xcf\x37\xef\x3b\xf6\xbd\x50\x34\x01\x14\x78\x43\xa8\
\xc8\xda\x83\x29\xb9\x5b\xd1\xcb\xe0\xbb\x53\x2b\x6c\x7e\xed\x77\
\xd8\xb6\xfa\x4d\x7c\xe3\xce\x65\x64\x19\x01\x98\x86\x86\x1b\x27\
\x3e\xb5\xed\x21\x35\x4b\x05\xc7\x7e\x85\x48\x32\x12\x10\x8d\x35\
\xc1\x9b\x20\xf0\x53\x27\x9d\xe3\x60\x37\x46\x7a\x16\x4a\x2e\xfe\
\x21\x32\x07\x9e\xac\x46\x14\x43\xfb\xc3\x1a\xd6\xed\x75\x63\xdd\
\x5e\x37\x3e\x6e\x76\x21\xda\xc5\xd5\xa2\x33\x05\xa0\x23\x01\x20\
\xc7\x1d\xc5\x71\x99\xfb\x30\xb9\xf7\x56\x14\x79\x78\xf6\x7a\x3c\
\xed\xf9\x70\x15\x3e\xfa\xd3\x53\x88\x46\xa3\x6a\x44\x16\x72\xe9\
\xe2\x2f\x13\x8a\x9b\xce\x11\x0b\x91\x52\x87\xc2\x52\xaa\x00\x34\
\xd6\x94\xf5\x32\xd1\xfe\x8c\x10\x38\x5f\xcd\xc8\x3a\xe9\x45\x83\
\x50\x3a\xe3\x0e\xb8\xb3\xf3\xd5\x88\x62\x20\x6c\x0a\x34\x7c\xe6\
\xc5\x07\x7b\xdc\x68\x3a\x68\xf4\xe8\x1d\x62\x57\x0b\x80\x2a\xc3\
\x30\x31\x34\x73\x3f\x66\xf8\x3f\x82\x4f\xef\xd9\x3f\x8b\x0e\x2f\
\xbc\x7f\x0f\xd6\xfc\xe6\x1e\xb4\x36\xf3\x61\x76\x89\x64\x68\xd8\
\x2e\xa4\x18\x35\xf1\xe9\xa6\x2d\x6a\x96\xac\x52\xa6\x00\xbc\x53\
\x1b\x3c\x51\x83\xfc\x83\x80\xe8\xaf\x66\x64\x9d\xde\xa3\xce\x45\
\xf0\x9c\x05\x3c\xcb\x3f\x0e\x4c\x09\xac\xda\xe5\xc5\x92\xa6\x34\
\x34\x87\x63\x73\x03\x99\x9e\x16\x80\x43\x0c\x0d\x18\x93\xbb\x0b\
\x33\x0a\x37\x42\x17\x29\xf5\x26\xc9\x26\x4c\x7c\xf4\xfb\x5f\xe1\
\xf3\x8f\xfe\xa5\x06\x64\x21\x01\x84\xdd\x86\x36\x73\xfc\x13\x5b\
\x5f\x52\xb3\x64\x94\x12\x05\x60\xc5\x9c\xc0\x2c\x08\xfc\x0a\x42\
\xf0\xf1\x71\x09\xa2\xb9\x3c\x28\x3a\xff\x7a\xe4\x0c\x3f\x43\x8d\
\x28\x06\xd6\xee\x75\xe3\x6f\x5b\xd3\xf1\x79\x5b\x6c\x77\xb5\x62\
\x55\x00\x0e\xf1\xea\x12\x67\xe6\x6f\xc7\xd4\xbc\x4d\x6a\x44\x31\
\xb0\xb3\xf1\x7f\xf1\xc9\xff\xfb\x23\x4c\xb3\x27\xc7\x7d\xa8\x27\
\xc4\x17\x5b\x02\x8f\x4f\x78\xb2\x69\x8e\x9a\x25\x9b\xa4\x2e\x00\
\xeb\xaf\x19\xe0\xd9\xd7\xde\xf2\x30\x84\x48\xfa\x1f\x44\x32\xf3\
\xf4\x0e\xa2\xef\xcc\x85\xf0\x16\xf4\x53\x23\xea\xa1\xcd\x07\x0c\
\xbc\xbe\xd5\x87\xcd\x07\xe2\x73\x44\x25\xd6\x05\xe0\x90\x4c\x97\
\x89\x69\x85\x9b\x71\x6a\x36\xcf\x64\x8f\xb5\xd6\x9d\x5b\xb0\xf6\
\xd9\x07\x11\x6a\x4b\xe9\x2b\xd4\x6c\xcf\xd0\xc4\x3a\x6f\xa8\xed\
\x94\xd1\xbf\xdb\x9d\xb4\x7b\x33\x49\x5b\x00\xde\xae\x2d\xe8\xab\
\x4b\xe3\xf7\x42\x60\xa4\x9a\x91\x75\x7a\x0d\x1d\x87\xe2\x69\x3f\
\x80\xee\x49\x57\x23\xea\x81\xbd\x21\x0d\x7f\xd9\xe2\xc3\xda\xbd\
\x6e\x35\x8a\xa9\x78\x15\x80\x43\xf2\xbd\x61\xcc\x2e\xda\x80\x7e\
\x69\x49\xfb\x1a\x69\x4b\x66\x24\x82\x75\xbf\xbb\x0f\xfb\xb7\xa5\
\xcc\x76\x74\x52\xd2\x21\x5b\x0c\x4d\x9c\x39\xfe\xa9\x6d\x6f\xa8\
\x59\x32\x88\xed\xf1\x44\x8b\xac\xa8\x0d\x9e\xad\x41\xfc\x55\x08\
\xee\xf7\x27\x8a\xd0\x34\xf8\xcf\x9c\x83\xe0\x39\x0b\xa0\x19\x2e\
\x35\xa6\x1e\xf8\xb8\xd9\x85\x67\x36\xf4\xc2\xb6\x96\xf8\xbc\xeb\
\xef\x68\x5f\x7b\x7c\xf7\xeb\x0f\x46\x74\xbc\xbd\xa7\x0f\xb2\x5c\
\x51\x94\xa6\x1d\x50\x63\xea\x26\xa1\x69\xe8\x53\x31\x1e\x08\xb7\
\xa1\xb9\xe9\x13\x35\x26\x8b\x48\x08\x57\x14\xa8\xac\x1e\x91\x85\
\xa7\x56\x37\xd7\xab\xb9\xdd\x25\xd5\x11\x00\x59\x07\x6d\xc5\xf6\
\xe0\x1d\x00\x7e\x24\x92\xec\x73\x4f\x25\x46\x46\x0e\x4a\x2f\xbd\
\x0d\x19\xfd\x4e\x54\x23\xea\xa1\x86\xcf\xbc\x78\x75\x8b\x0f\x56\
\x6d\xf1\xc6\xfb\x08\xc0\x21\x02\xc0\xb8\xde\xbb\x71\x45\x60\xbd\
\x1a\x51\x0f\xed\xff\x78\x0d\xd6\xff\x61\x11\x22\x11\x6b\x7e\x96\
\x74\x78\x2e\x5d\x2c\x37\x8b\x9b\xa6\x4c\x5e\x88\xa4\xf9\x41\x24\
\xcd\x22\xda\x58\xe3\xcf\x33\xa1\x3d\x2b\x04\x78\x96\x59\x02\xf9\
\x4a\x87\xa1\x74\xc6\xed\x70\x65\xf6\x56\x23\xea\x81\xa8\x04\x5e\
\xdd\xe2\xc3\x8a\xcf\xbc\x6a\x14\x57\x56\x15\x80\x43\xfa\xf9\xda\
\xf0\xbd\xbe\xff\xe4\x9d\x05\x63\x2c\xd2\x72\x00\x6b\x7e\x7d\x0f\
\x5a\xf6\xee\x52\x23\xb2\x90\xae\xc9\x5d\xba\xae\x8d\x99\xf0\x78\
\x53\x52\x34\xdd\xa4\x28\x00\x2b\xe6\x04\x4f\x81\xc0\x4b\x10\x28\
\x56\x33\xb2\x4e\x9f\xb1\xd3\xe0\xff\x76\x0d\x84\x96\x94\x3b\x47\
\xb6\xd5\x12\x11\x78\xe1\xdf\x99\xf8\xb8\xd9\xfa\xad\x14\xab\x0b\
\x00\x00\xf4\x72\x47\x71\x53\xd9\x07\xe8\xe3\x6a\x55\x23\xea\xa1\
\x7f\xff\xe9\x71\xec\x5c\xb3\x4a\x1d\x93\x85\x34\x81\xa8\x4b\x13\
\x35\xe3\x9f\x6c\x7a\x52\xcd\xec\xc6\xf6\x05\xa0\xa1\x26\x30\x1f\
\x02\x0f\x08\x88\xf8\x9e\x0d\x45\x47\xa4\x79\xd2\x51\x72\xe1\xf7\
\xd1\x6b\xd8\x04\x35\xa2\x1e\xda\xd9\xaa\xe3\x77\x1b\xb3\xb0\xa7\
\x3d\x36\xd7\xf5\x77\x55\x22\x0a\x00\x00\xb8\x35\x89\xb9\xa5\x1b\
\x30\x2c\x63\xb7\x1a\x51\x0f\xed\xfa\xe7\x9b\xd8\xf8\xd7\xe7\x60\
\x9a\x3c\xca\x92\x48\x6e\x1d\x2f\x4e\x78\x72\xdb\x25\xea\xdc\x4e\
\x6c\x5b\x00\xde\xbb\xbc\xc0\x17\xf2\xe9\x8b\x05\xc4\x65\x6a\x46\
\xd6\xf1\xe6\xf7\x45\xdf\x99\x77\xc0\x93\xc7\x83\x2f\xb1\xb6\xb3\
\x55\xc7\x63\x1f\xf6\xea\xd4\x3d\xfb\xe3\x25\x51\x05\x00\x5f\x3e\
\x63\x60\x41\xdf\xf5\x2c\x01\x71\xd0\xbe\x7b\x07\xd6\xfc\xf6\x7e\
\xb4\xb7\xf0\x56\xcd\x89\x64\x68\xe2\x13\x97\x27\x7a\xca\xd8\x45\
\x3b\x76\xaa\x99\x1d\x24\xee\x95\xe7\x28\x1a\xe6\x06\x06\x09\x89\
\x3f\x00\xe2\x38\x35\x23\xeb\x64\x9f\x30\x05\xc5\x17\xdc\x08\xcd\
\x6d\xed\xbe\xb4\x13\xb4\x44\x04\x1e\x5d\x97\x9d\xb0\x77\xfe\x87\
\x24\xb2\x00\xe0\xcb\x23\x01\x75\xe5\xff\xe4\x76\x40\x3c\x98\x26\
\x3e\x7c\xfe\x21\xec\xd9\xfc\x91\x9a\x90\x85\x34\xc8\x76\xc3\xc0\
\x77\x26\x3c\xb1\xfd\xaf\x6a\x96\x68\xb6\xdb\xcc\x5d\x51\x1b\x9c\
\x26\x20\xfe\x0c\x88\x22\x35\x23\x6b\x08\xdd\x40\xf0\x9c\xf9\x08\
\x7c\xbb\x86\xb7\xf4\x8d\x83\xa8\x04\x9e\xdd\x98\x65\xc9\x65\x7e\
\xc7\x12\xef\xcb\x00\x8f\x25\x2a\x05\x56\xee\xef\x83\xc9\xb9\xdb\
\xa1\x0b\x8b\x2e\x7d\x70\x0a\x21\x90\x77\xfc\xa9\xd0\x35\x81\xfd\
\x9b\x37\xa8\x29\x59\x44\x42\x18\x51\x53\xcc\xac\x1e\x99\x99\xf9\
\xd4\xea\x03\xaf\xab\x79\x22\xd9\xe6\x08\xc0\x92\x3a\x18\xbe\x6d\
\x81\x7b\x85\x10\xd7\xab\x19\x59\xc7\xd5\xab\x0f\xfa\xce\xb8\x1d\
\xe9\xc5\x43\xd5\x88\x62\xe4\xe5\xcd\xd6\x9f\xed\x7f\x24\x89\x3e\
\x02\x70\x48\x3f\x5f\x1b\x6e\x29\x7b\x4f\x1d\x53\x8c\x1c\xdc\xba\
\x11\xeb\x5e\x78\x18\xe1\x10\x1f\xe5\x9c\x48\x86\x26\x56\x49\xd3\
\x35\x76\xf2\x33\x9b\x6c\x71\x1b\x47\x5b\x14\x80\x95\xf3\x8b\x03\
\xd1\x88\xf9\x82\x00\xc6\xa9\x19\x59\x27\xb3\xff\x08\x94\x5c\x72\
\x2b\x0c\x5f\xb6\x1a\x51\x8c\x34\x7c\xe6\xc5\x2b\x9b\x7d\xea\x38\
\x61\xec\x52\x00\x00\x60\x3c\xef\x13\x10\x57\xd1\x50\x1b\xd6\xfe\
\xe6\x5e\x1c\xf8\x8c\xb7\x67\x4e\x24\x5d\xc3\x7e\x21\xc4\xa4\x49\
\x4f\x36\xad\x56\x33\xab\x25\x7c\x0b\x60\x45\x6d\x70\x92\x34\xe5\
\xdf\x04\xc0\xb7\x9c\x89\x22\x04\x0a\x26\xcd\x44\xf1\x45\x37\x41\
\x73\xf3\x79\x4a\xf1\xf2\x71\xb3\x0b\xbf\xff\x38\xb3\x47\x8f\xef\
\x8d\xb5\x44\x6f\x01\x74\xb4\xa5\x35\x0d\xbd\xdc\xbc\x63\x60\xbc\
\x68\xba\x81\xfc\x11\x13\x61\x1e\xdc\x8b\x03\xdb\x79\x0b\xe1\x44\
\x91\x12\x1e\x29\x31\x67\xf6\x88\xcc\xfd\x4f\xbf\x77\xe0\x1d\x35\
\xb7\x52\xc2\x8e\x00\x48\x40\x34\xd6\xfa\xbf\x0f\x68\x77\xd9\xa1\
\x88\x38\x95\x9e\x96\x89\x92\x69\x37\x23\x6b\xf0\x68\x35\xa2\x18\
\xda\x1b\xd2\xb0\x68\x6d\x36\x5a\x22\x09\xfb\x93\x3b\x2c\x3b\x1d\
\x01\x00\x00\x5d\x00\x37\xf5\x5f\xc3\x67\x07\xc4\xd9\x9e\x0f\x57\
\xe1\xa3\x3f\x3d\x85\x68\x34\xaa\x46\x64\x21\x97\x8e\x57\x27\x14\
\x6f\x3b\x57\x2c\x44\x42\x9a\x78\x42\x5e\x8d\x1a\x6b\xca\x7a\x99\
\x68\x7f\x46\x08\x9c\xaf\x66\x64\x9d\xb4\xc0\x00\xf4\xbd\x6c\x21\
\xdc\x39\x85\x6a\x44\x31\xf6\xdc\xc6\xcc\xb8\x3f\xd8\xa7\x3b\xec\
\x56\x00\xf0\xe5\x03\x84\xee\x1c\xb8\x52\x1d\x53\x8c\x85\xf7\xef\
\xc1\x9a\xdf\xdc\x8b\xd6\xe6\x7d\x6a\x44\x16\x32\x34\x6c\x17\x52\
\x8c\x9a\xf8\x74\x93\xe5\x87\x65\x2c\xbf\x06\x69\xe5\xd5\xc1\x13\
\x4c\xb4\x35\x72\xf1\x4f\xac\xdc\x91\x67\x61\x60\xed\xc3\x5c\xfc\
\x2d\xb0\xf9\x80\x61\xcb\xc5\xdf\xae\x76\xb6\xb9\xf0\xf6\x5e\xfe\
\x5e\xc6\x9b\x2b\x2b\x07\x27\xce\xff\x29\xf2\x06\xf0\x6a\xeb\x44\
\x8a\x98\x28\x8c\x48\xb9\x71\x59\x75\x70\x9a\x9a\xc5\x9b\xa5\x05\
\x60\xc5\x9c\xc0\x2c\x33\x2a\xdf\x11\x42\x0c\x50\x33\xb2\x86\x30\
\xdc\x28\xbe\xe0\x7b\x28\xbe\xf0\x7b\x10\x06\x17\x25\x2b\xbc\xbe\
\xd5\x3e\x27\xfd\x25\x8b\xdf\x6f\x2f\x51\x47\x14\x17\x1a\x06\x4c\
\x9b\x8f\xb2\xd3\x2f\x82\xa6\x25\xe4\x80\x30\x7d\xb1\x25\xee\x0a\
\x87\xcd\x97\x96\x55\x05\x1e\x53\xb3\x78\xb2\xe4\x27\xbe\xfe\x9a\
\x01\x9e\x7d\xa1\x96\x9f\x03\xa2\x46\xcd\xc8\x3a\xee\x9c\x42\xf4\
\xbd\x6c\x21\xd2\x02\xec\x5f\x56\x59\xbb\xd7\x8d\xe7\x36\x66\xaa\
\x63\xdb\xb0\xe3\x16\xc0\x21\xe7\xfb\xb7\x61\x6a\xde\x26\x75\x4c\
\x71\xd2\xba\x73\x0b\xd6\x3e\xfb\x20\x42\x6d\xb6\xb8\x42\xcd\xb1\
\x74\x21\xd6\xa6\x85\xdb\x46\x8f\xfe\xdd\xee\xb8\x9f\x08\x13\xf7\
\x23\x00\x6f\xd7\x16\xf4\xdd\xdb\xde\xfa\x26\x17\xff\xc4\xca\x1a\
\x3c\x1a\xe5\xf3\x17\x71\xf1\xb7\x90\x29\x81\xbf\x6d\x4d\x57\xc7\
\xd4\x49\xaf\xed\x2c\x44\x54\xc6\xfd\x25\x8a\xbe\x94\x96\x5f\x8c\
\x8a\x05\xf7\xa2\x57\x80\x47\x5f\x12\x29\x2a\xe5\x90\x56\xc3\xbd\
\x6d\x79\xa5\x3f\xee\x97\xc5\xc7\xf5\xec\xfb\x15\xb5\xc1\xb3\x35\
\x88\xbf\x0a\x21\xfa\xab\x19\x59\x44\x08\x14\x9e\x51\x85\xa2\xf3\
\xae\x85\xe6\xf2\xa8\x29\xc5\xd1\xca\x5d\x5e\xac\xde\x65\xef\xef\
\xb9\x9d\x2e\x03\x54\x45\xa4\x40\xb3\xe9\xc5\x09\x99\x7c\x56\x80\
\x55\x84\xa6\xa1\xcf\x89\xe3\x80\x70\x1b\x9a\x9b\x3e\x51\x63\xb2\
\x88\x84\x70\x45\x81\xca\xea\x11\x59\x78\x6a\x75\x73\xbd\x9a\xc7\
\x4a\x5c\xb6\x00\x64\x1d\xb4\x15\xdb\x83\x77\x00\xf8\x91\x88\xd3\
\xbf\x83\x8e\xcd\xf0\x65\xa3\xe4\x92\x5b\x91\xd9\x7f\x84\x1a\x51\
\x9c\x85\x4d\x81\x87\x3e\xc8\x46\x73\xd8\xde\xef\x60\xed\xbc\x05\
\x80\x2f\xce\x90\xc6\x7d\x83\x1b\xe1\xd3\xed\xfd\x79\xa6\xa2\xfd\
\x1f\xaf\xc1\xfa\x3f\x3e\x8a\x48\x38\xac\x46\x64\x21\x97\x2e\x96\
\x9b\xc5\x4d\x53\x26\x2f\x44\xcc\xff\x08\x62\xbe\x38\x37\xd6\xf8\
\xf3\x4c\x68\xcf\x0a\x81\x33\xd4\x8c\xac\x93\x5e\x3c\x14\x7d\x67\
\xdc\x0e\x57\xaf\x3e\x6a\x44\x16\x78\x73\x47\x1a\x5e\xfb\xd4\xfe\
\x87\xff\xed\x5e\x00\x00\x60\x54\xce\x5e\x54\x17\xad\x53\xc7\x64\
\x81\x48\xcb\x01\xac\xf9\xcd\x3d\x68\xd9\xb3\x4b\x8d\xc8\x42\xba\
\x26\x77\xe9\xba\x36\x66\xc2\xe3\x4d\x31\xbd\x55\x66\x4c\xdf\x9e\
\xac\x98\x13\x3c\x45\x42\x5b\xc5\xc5\x3f\xb1\xf2\x46\x7f\x07\x03\
\xe6\x3c\xc8\xc5\x3f\x81\x3e\xd8\xc3\x2b\x2c\x62\x65\x4d\x73\x96\
\x3a\x22\x8b\x18\xe9\x19\x38\xa1\xf6\x27\x28\x18\x3a\x52\x8d\xc8\
\x42\x51\x53\xf4\x8e\x44\xe4\x9a\xe5\x55\x81\x2a\x35\xeb\x89\x98\
\x15\x80\x86\x9a\xc0\x7c\xa9\xc9\x65\x10\xe0\x83\xe3\x13\x44\x73\
\x7b\x51\x72\xf1\x0f\x11\x3c\xf7\x1a\x3e\xc5\x2f\x81\xf6\x87\x35\
\x34\x1d\xe4\xf7\x3f\x56\x0e\x44\x34\x7c\xda\xce\x4b\x29\x13\xa9\
\xdf\x79\xb3\x31\x70\xea\x15\xd0\xb4\x98\x2d\x19\xd4\x45\xa6\x84\
\xde\x1e\x95\x4f\x2c\xab\xf2\xbf\xa0\x66\xdd\xd5\xe3\x2d\x80\xf7\
\x2e\x2f\xf0\x85\x7c\xfa\x62\x01\x71\x99\x9a\x91\x75\x3c\x79\xc5\
\xe8\x3b\xf3\x0e\x78\xf3\xfb\xaa\x11\x59\xcc\x6e\x0f\xfc\x39\x9a\
\x64\xd8\x02\x00\x1f\x14\x64\x1b\xed\xbb\x77\x60\xcd\x6f\xef\x47\
\x7b\xcb\x41\x35\x22\x0b\x19\x9a\xf8\xc4\xe5\x89\x9e\x32\x76\xd1\
\x8e\x9d\x6a\xd6\x15\x3d\xaa\x73\x0d\x73\x03\x83\xc2\x3e\xfd\x5d\
\x2e\xfe\x89\xd5\x6b\xd8\x04\x94\xcf\x7b\x84\x8b\xbf\x4d\xac\xe3\
\x5d\xff\x62\xee\x5f\xcd\xbd\xd4\x11\x25\x80\x27\xb7\x00\xc3\x17\
\xdc\x83\x9c\x12\x5e\x4e\x9c\x48\x11\x53\xf6\x6d\x6f\x15\x9b\x97\
\xcd\x2e\xfc\xb6\x9a\x75\x45\xb7\x0b\xc0\x8a\xda\xe0\x34\x21\xc5\
\x0a\x40\xf0\x3e\x92\x09\x22\x34\x1d\x81\xb3\xaf\x46\xdf\x19\x75\
\xd0\x3c\xf6\x3f\xe1\xcc\x09\xda\xa3\x02\x1f\x37\xbb\xd4\x31\xf5\
\xd0\x9e\x90\x8e\x7d\x11\x16\x2b\x5b\xd0\x34\x0c\xba\xec\x06\x94\
\x4e\x38\x07\x42\xf4\xf8\x20\x32\x75\x93\x09\xe1\x09\x45\xc4\xab\
\xcb\xaa\xfc\xf7\xab\x59\x67\x75\xf9\xa7\xb7\xa4\x0e\x86\x6f\x7b\
\xf0\x1e\x01\xdc\xa0\x66\x64\x1d\x57\x66\x6f\x94\x5e\x7a\x1b\x7c\
\x7d\x8f\x57\x23\x4a\xa0\xf7\x77\x7b\xf0\xd2\xc7\x19\xea\xd8\xb6\
\x92\x65\x0b\x00\x00\xce\x2a\xd8\x81\x0b\xf2\x3f\x56\xc7\x94\x40\
\x07\xb7\x6e\xc4\xba\x17\x1e\x46\x38\x14\x52\x23\xb2\x90\xa1\x89\
\x95\xd2\x74\x8d\x9b\xfc\xcc\xa6\x2e\xdd\xc6\xb1\x4b\x47\x00\x56\
\xcc\x29\xf1\xfb\xb6\x07\x97\x70\xf1\x4f\xac\x8c\x7e\x27\xa2\x7c\
\xfe\x22\x2e\xfe\x36\xb4\x6e\x1f\xdf\xfd\xc7\xcb\x7b\xfb\x73\xd5\
\x11\x25\x98\x2f\xd8\x1f\x15\x0b\xee\x46\x46\x1f\x3e\xbc\x29\x91\
\x22\xa6\x1c\x09\x2d\xb4\xe3\x8d\xea\x40\x85\x9a\x1d\x4d\xa7\x0b\
\xc0\x8a\xda\xe0\x24\x68\xd1\xd5\x02\x88\xfb\xed\x09\xe9\xc8\xf2\
\xc7\x5f\x82\xb2\xaa\xfb\x61\x64\xf2\xc5\xd0\x6e\xa2\x12\x58\xbf\
\x8f\x87\xa9\xe3\x65\x47\x9b\x0b\x61\xb3\xd3\x2f\x59\x64\x11\xdd\
\xed\xc5\xb0\xd9\xb7\x23\x30\x7c\x6c\xd7\x0f\x29\x53\xcc\x44\x4d\
\x64\xb5\x87\xe5\xca\xfa\x4a\xff\x75\x6a\x76\x24\x9d\xfa\x6b\x5a\
\x51\xeb\xbf\x09\xc0\xdf\x01\x14\xa8\x19\x59\x43\xf7\xa4\xa3\xef\
\xcc\x85\xf0\x7f\xbb\x06\x82\x97\xe2\xd8\xd2\x9e\x76\x1d\xed\x51\
\xbe\x04\xc6\x8b\x29\x81\x8d\xad\xbc\x27\x80\x5d\x95\x9c\x39\x13\
\xe5\x17\x54\x43\xd7\xe3\x7a\x87\x79\x3a\x0a\x09\x68\x61\x13\x0f\
\xd6\x57\xf9\xff\xac\x66\x87\x73\xd4\x57\xab\xc6\x9a\xb2\x5e\xa6\
\x68\x7f\x5a\x00\xdf\x51\x33\xb2\x8e\xb7\xa0\x1f\xfa\xce\x5c\x08\
\x4f\xef\xa0\x1a\x91\x8d\x7c\xdc\xec\xc2\x53\xeb\x93\x6b\x81\x4a\
\xa6\x73\x00\x00\xe0\xf2\xa2\x4d\x98\x90\xb3\x4d\x1d\x93\x8d\x84\
\xf7\xef\xc1\x9a\xdf\xdc\x8b\xd6\xe6\x7d\x6a\x44\x16\xd2\x05\xb6\
\x69\x10\xa7\x4c\x7c\xba\x69\x8b\x9a\x1d\x72\xc4\xb7\x92\x2b\xaf\
\x0e\x9e\x60\xa2\xad\x91\x8b\x7f\x62\xe5\x54\x9c\x8e\x81\x57\xff\
\x92\x8b\x7f\x12\xb0\xfb\x7d\xff\x53\xc1\x67\x21\xaf\x3a\x22\x9b\
\x71\x65\xe5\xe0\xc4\xf9\x3f\x45\xde\x00\x5e\x20\x96\x48\x51\x09\
\x7f\x44\xca\x8d\xcb\xaa\x83\xd3\xd4\xec\x90\xc3\xbe\x62\x35\xd6\
\xf8\xbf\x13\x35\xf1\xb6\x10\x82\x17\x7b\x26\x88\xd0\x0d\x14\x9d\
\x77\x2d\x4a\xa6\xdf\xc2\xa7\xf8\x25\x09\x16\x80\xf8\xdb\x13\xe6\
\xdf\x42\x72\xd0\x30\x60\xda\x7c\x94\x9d\x31\x1d\x9a\x76\xd4\x03\
\xcd\x14\x47\x12\x70\x85\xc3\xe6\x4b\xcb\xaa\xfc\xbf\x50\x33\x1c\
\xae\x00\x34\xd4\x06\xbe\x67\x42\xfb\x83\x00\x78\x61\x79\x82\xb8\
\xb3\xf3\x31\xa0\xe6\x67\xe8\x7d\xca\x79\x6a\x44\x36\xc6\x02\x10\
\x7f\x7b\x79\x2f\x80\xa4\x92\x3f\x72\x32\x8e\xbf\xea\x66\xb8\xbd\
\x69\x6a\x44\x16\x91\x00\x42\x51\xcc\x5f\x5a\x19\x58\xb9\xa4\x0e\
\x5f\xbb\x47\xf9\xd7\x5e\xb1\x1a\x6a\x03\xf3\x04\xc4\x7d\x42\x7c\
\xb3\x18\x90\x35\x32\x07\x9e\x84\x81\xf3\x1f\x45\x7a\xd1\x60\x35\
\x22\x9b\x6b\x0e\xf3\x9d\x4e\xbc\x35\x47\xf8\x8c\x85\x64\x93\x96\
\x5f\x8c\x8a\x05\xf7\xa0\x57\xa0\x44\x8d\xc8\x42\x11\x53\x8e\xd0\
\xb6\x04\x96\x74\x9c\x7d\xb5\xd0\xbf\x5b\x13\x38\x15\xc0\x83\x1d\
\x43\xb2\x90\x10\x28\x98\x72\x05\xca\x66\xdd\x0d\x23\x3d\xb9\x4e\
\x24\xa3\x2f\xf0\x08\x40\xfc\xb5\x44\x78\x86\x79\x32\xd2\x0c\x03\
\x43\xae\xbc\x19\x45\xa3\x4f\xe7\xdd\x03\x13\x28\x1c\x95\xe3\x96\
\x55\xfa\x7f\x72\xe8\x7f\x6b\x00\xf0\xc1\xf4\xa1\x6e\x21\xc4\xf3\
\x02\x82\xc7\xd7\x12\x40\x4f\xcb\x44\xd9\x95\x77\xa1\xf0\xb4\xab\
\x00\xfe\x71\x24\x2d\x16\x80\xf8\x6b\xe3\x7d\x00\x92\x5a\xd1\xa4\
\x0b\x31\xe4\xe2\xf9\x30\x5c\xbc\x61\x56\xa2\x84\x24\x6e\x7d\x73\
\x6e\x41\x3e\x0e\x15\x80\xd6\x9c\xbd\x55\x02\xe0\xf1\x99\x04\x48\
\x0b\x96\xa3\x7c\xfe\x22\x64\x96\x8f\x52\x23\x4a\x32\xcd\x21\x2e\
\x4e\xf1\x16\x36\x59\x90\x93\x5d\x56\xbf\xa1\xa8\xb8\xfa\xa7\x48\
\xcf\xe9\xad\x46\x64\x05\x09\x11\x69\xd7\x1e\x03\x00\x6d\x49\x1d\
\x0c\x09\x71\xb3\xfa\x31\x14\x7f\xbd\x4f\x9e\x8a\x81\x35\x3f\x87\
\x3b\x87\xb7\xd1\x24\x22\xe7\x30\xd2\x33\x70\x42\xed\x4f\x50\x30\
\x74\xa4\x1a\x91\x05\x22\x12\x53\x1b\x6b\xfc\xe9\x5a\xc6\xf6\xa2\
\x11\x42\xa0\x54\xfd\x00\x8a\x1f\xcd\xe5\x41\xf1\x45\x37\xa1\xe8\
\x3b\x37\x40\x18\x3c\x14\x96\x2a\x32\xdd\xa6\x3a\xa2\x18\x73\x69\
\x52\x1d\x51\x12\xeb\x77\xde\x6c\x0c\x9c\x7a\x05\x34\xde\xdd\xd4\
\x52\x52\x42\x6f\x8d\x88\x4b\x35\x48\x73\x84\x1a\x52\xfc\xb8\x73\
\x03\x18\x50\xfb\x30\x72\x47\x9c\xa9\x46\x94\xe4\x32\x5d\x2c\x00\
\xf1\xe6\xd5\xf8\x3d\x4e\x35\xbd\x8f\x3f\x15\x27\x56\xdf\x06\x4f\
\xba\x4f\x8d\x28\x8e\x4c\x29\xcf\xd0\xa4\x00\x8f\xc1\x58\x24\x6b\
\xc8\x18\x94\xcf\x5f\x84\x34\x7f\x7f\x35\xa2\x14\xc0\x02\x10\x7f\
\xe9\x46\x54\x1d\x51\x0a\xf0\xe4\x16\x60\xf8\x82\x7b\x90\x53\x3a\
\x50\x8d\x28\x4e\xa4\xc4\x70\x0d\x10\x3c\xf9\x2f\xce\x84\xa6\xc1\
\xff\xad\x6a\xf4\x9b\xf9\x63\xe8\x5e\xb6\xdc\x54\x95\xe9\xe2\xe1\
\xe9\x78\xcb\x34\x92\xeb\xd9\x05\xd4\x05\x9a\x86\x41\x33\xae\x47\
\xe9\x84\x73\x78\xa9\xa0\x05\xa4\x90\x79\x9a\x80\xcc\x51\x03\x8a\
\x1d\xc3\x97\x8d\xb2\xca\xfb\x90\x3f\x71\x06\x2f\xf1\x4b\x71\x3c\
\x02\x10\x7f\xd9\x46\x48\x1d\x51\x8a\xf1\x8f\x39\x1b\xc3\x2e\xbf\
\x01\x2e\x37\xaf\x4a\x8f\x2b\x29\xbc\x1a\x20\x7a\xa9\x73\x8a\x0d\
\x5f\xc9\x71\x28\x5f\xf0\x28\x32\xca\x2a\xd4\x88\x52\x10\x0b\x40\
\xfc\xe5\xb8\xda\xd5\x11\xa5\x20\x5f\xb0\x3f\x2a\x16\xdc\x8d\x8c\
\x3e\xbc\x42\x2a\x5e\x24\xa4\x4b\x93\x52\xee\x56\x03\xea\xb9\xbc\
\x31\x17\xa2\x7f\xf5\x03\x70\x65\xe5\xa9\x11\xa5\x28\x16\x80\xf8\
\xeb\xe3\x6e\x53\x47\x94\xa2\x74\xb7\x17\xc3\x66\xdf\x8e\xc0\xf0\
\x71\x47\x7f\x6e\x3d\x75\x8f\x14\x21\x4d\x00\x1b\xd4\x39\x75\x9f\
\xe6\x4e\x43\xe9\xa5\xb7\x21\x38\x75\x3e\x84\xce\xfb\x96\x3b\x09\
\x0b\x40\xfc\xe5\xbb\x5b\xd5\x11\xa5\xb8\x92\x33\x2f\x43\xf9\x05\
\xd5\xd0\x75\xde\x06\x3a\x96\x84\x10\x3b\x35\x00\xeb\xd5\x80\xba\
\xc7\xdb\xa7\x04\x03\xe7\x3d\x82\xec\xe3\x27\xa9\x11\x39\x40\x8e\
\x27\x0a\x8f\xce\x13\x01\xe3\x45\x13\x40\xff\xb4\xfd\xea\x98\x1c\
\x20\x67\xd0\x08\x54\xd4\xfe\x18\x69\x99\xdc\xb1\x8e\x15\x21\xe4\
\xc7\x9a\x69\xe2\x15\x35\xa0\xae\xcb\x3e\x7e\x12\x06\xce\x7b\x04\
\xde\x3e\xbc\xa8\xc2\xa9\x74\x01\x94\xf7\xe2\x49\x6a\xf1\x52\xe0\
\x0d\xc3\xc5\xfb\x00\x38\x96\x2b\x2b\x07\x27\xce\xff\x29\xf2\x06\
\x1c\xa7\x46\xd4\x0d\x86\x26\x1e\xd3\x4e\x79\xbc\xe9\x3d\x09\xac\
\x53\x43\xea\x1c\xa1\x1b\x08\x4e\x9d\x8f\xd2\x4b\x6f\x83\xe6\xe6\
\x33\xaf\x9d\x6e\x70\xaf\xb0\x3a\xa2\x18\xa9\xc8\xe2\xe9\x4a\xa4\
\x61\xc0\xb4\xf9\x28\x3b\x63\x3a\x34\x8d\x67\x06\x74\x97\x26\x64\
\x68\xdc\x13\x4d\x2f\x7c\x79\xff\x45\xf9\x84\xfa\x01\x74\x6c\xae\
\xac\x3c\xf4\xaf\x7e\x00\x79\x63\x2e\x54\x23\x72\xa8\xf2\x5e\x21\
\xe8\x7c\x5d\x8a\x39\x01\x60\x4a\xee\x56\x75\x4c\x0e\x95\x3f\x72\
\x32\x8e\xbf\xea\x66\xb8\xbd\x7c\xd3\xd5\x1d\x9a\x26\x5e\xc7\xa1\
\xa7\x01\x66\xbb\xd3\x1f\x96\x52\x7e\xa4\x7e\x10\x1d\x59\x46\x59\
\x05\xca\x17\x3c\x0a\x5f\x09\x0f\x47\xd1\x7f\x78\x74\x89\x7e\x99\
\x3c\x0a\x10\x6b\x39\xee\x28\x7a\xf1\x1e\x00\xd4\x41\x5a\x7e\x31\
\x2a\x16\xdc\x83\x5e\x01\x6e\xbb\x76\x85\x00\xc2\xde\xf6\xf6\x99\
\x38\x54\x00\xca\x1f\xfe\xa8\x5d\x48\x71\x9d\xfa\x81\x74\x18\x42\
\x20\x7f\xe2\x0c\x94\x55\xde\x07\xc3\x97\xad\xa6\x44\x18\x9c\xcd\
\x85\x2a\xd6\x8e\xcb\xdc\xa7\x8e\x88\xa0\x19\x06\x86\x5c\x79\x33\
\x8a\x46\x9f\xce\xbb\x07\x76\x92\xa1\xe1\xae\xd1\xbf\xdb\xbd\x1f\
\x00\xbe\xba\xae\xe2\xb1\x55\xcd\x1b\xe6\x9c\x94\xd5\x4f\x00\xbc\
\x6b\xcd\x11\xe8\x5e\x1f\xfa\x5e\x7a\x1b\xf2\x46\x9f\xcf\x5f\x36\
\x3a\xa2\x4c\xb7\x89\xb7\x77\x24\xc7\xa1\xc9\x7d\xed\xc9\x71\x52\
\xdd\x55\xc5\x1f\x21\xcb\xe0\x91\x15\x3a\xbc\xac\xbe\x43\x90\x15\
\xec\x87\x3d\xeb\x57\xc3\x34\x93\xe3\x77\x3a\x11\x0c\x0d\x1b\x27\
\x3d\xb5\xed\xab\x3d\xeb\xaf\x3d\x83\x51\x93\xe6\x3c\x48\xac\xe9\
\x38\xa3\x2f\xa4\xf9\xfb\xa3\x7c\xfe\x22\x64\x0d\x19\xa3\x46\x44\
\x5f\x93\xe5\x32\x11\xf0\xf1\x9e\xf5\xb1\x92\x61\x98\x28\xf2\x1c\
\x54\xc7\x44\x5f\x93\xd5\x6f\x28\x2a\xae\xfe\x29\xd2\x73\x7a\xab\
\x11\x01\xd0\x20\xdb\xa5\x0b\xa3\xbf\x3e\xeb\xe0\xa4\xc5\xdb\x5a\
\xa2\x22\x3a\x5d\x02\x2d\x1d\xe7\x4e\x97\x3b\xe2\x5b\x18\x50\xfb\
\x30\xdc\xb9\x01\x35\x22\x3a\xac\x61\x39\xdc\x06\x88\x95\xa1\x99\
\xbc\xf6\x9f\x3a\xc7\x48\xcf\xc0\x09\xb5\x3f\x41\xc1\x50\x3e\xe4\
\xb6\x23\x01\xc0\x65\x68\xd3\x27\x2f\xde\xf6\x79\xc7\xf9\xd7\x0a\
\x00\x00\x8c\x7e\x74\xfb\x1a\x09\x39\x5f\x9d\x3b\x91\x30\x5c\x28\
\xfa\xce\xf5\x28\xbe\xe8\x07\xd0\x5c\x1e\x35\x26\x3a\xa2\x51\x7d\
\xda\x78\x67\xc0\x18\x30\x34\x60\x86\x9f\xe7\x27\x53\xd7\xf4\x3b\
\x6f\x36\x06\x4e\xbd\x02\x9a\xf6\x8d\x25\xce\x91\x5c\xba\x78\x62\
\xfc\x13\x4d\x2f\xab\xf3\xc3\xde\x5b\xf1\xf1\x95\xcd\xef\x39\xfd\
\x7c\x00\x77\x4e\x21\xfa\x5f\x75\x0f\xb2\x06\x9f\xaa\x46\x44\xc7\
\xa4\x0b\xc0\xa3\x03\x1f\xee\xb3\xf7\x13\xcd\xec\x7e\x0e\xc0\xb8\
\xde\xbb\x70\x52\xd6\xd7\xde\xb4\x10\x75\x4a\x7a\x41\x31\xf2\x86\
\x8c\xc4\x9e\xb5\x8d\x88\x86\x9d\x7b\xfe\x88\xa1\x61\xe3\xc4\xa7\
\xb6\x9d\xae\xce\x71\xb8\x23\x00\x87\x38\xf9\x7c\x80\xcc\xf2\x51\
\x28\x9f\xbf\x08\x69\xc1\x72\x35\x22\xea\xb4\x11\xbd\xdb\x90\xe7\
\x8d\xaa\x63\xea\x24\xaf\x2e\x31\xa3\x70\xa3\x3a\x26\xea\x34\x4f\
\x6e\x01\x86\x2f\xb8\x07\x39\xa5\x03\xd5\xc8\x11\x0e\xb7\xef\xdf\
\xd1\x11\x0b\x80\x23\xcf\x07\x10\x02\x85\xa7\x5d\x85\xb2\x2b\xef\
\x82\x9e\x96\xa9\xa6\x44\x5d\xa2\x09\xe0\x8c\xa0\x73\xfe\x7c\x62\
\xed\xcc\xfc\xed\xd0\x85\xbd\x8f\x50\x50\x12\xd0\x34\x0c\x9a\x71\
\x3d\x4a\x27\x9c\xe3\xa8\xab\xb7\x8e\xb4\xef\xdf\xd1\x11\x0b\x00\
\x1c\x76\x3e\x80\x91\x9e\x85\xb2\x59\x77\xa3\x60\xca\x15\x80\x83\
\x7e\x49\x28\xbe\x86\x64\x87\x50\x92\xc1\x2b\x02\xba\x2a\xd3\x65\
\x62\x6a\xde\x26\x75\x4c\xd4\x6d\xfe\x31\x67\x63\xd8\xe5\x37\xc0\
\xe5\xb6\xf7\xb6\x5c\xac\x1c\x69\xdf\xbf\xa3\xa3\x16\x00\x00\x38\
\xe5\xd1\xa6\xa7\x25\xf0\x8c\x3a\x4f\x25\xe9\x45\x83\x30\x70\xfe\
\xa3\xc8\x1c\x78\x92\x1a\x11\xf5\xd8\xb7\x82\xbc\x84\xad\xab\xa6\
\x15\x6e\x56\x47\x44\x3d\xe6\x0b\xf6\x47\xc5\x82\xbb\x91\xd1\xa7\
\x50\x8d\x52\x8a\xa1\x61\xe3\x84\x27\x9b\xaa\xd5\xb9\xea\x98\x05\
\x00\x29\x7e\x3e\x40\xef\x53\xce\xc3\x80\x9a\x9f\xc3\x9d\x9d\xaf\
\x46\x44\x31\x51\x92\x11\xc1\x10\xde\x1d\xb0\xd3\xf2\xbd\x61\x9c\
\x9a\xbd\x5d\x1d\x13\xc5\x84\xee\xf6\x62\xd8\xec\xdb\x11\x18\x3e\
\x0e\xa9\x78\xac\xf7\x58\xfb\xfe\x1d\x75\xaa\x00\xa4\xe2\xf9\x00\
\x9a\xcb\x83\x92\x69\x37\xa3\xe8\xbc\x6b\x21\x74\x43\x8d\x89\x62\
\xea\xac\xe2\x83\x48\x37\xa4\x3a\x26\x85\x2e\x80\xd9\x45\x1b\xd4\
\x31\x51\xcc\x95\x9c\x79\x19\x06\x5d\x38\x07\xba\x7e\xd8\x8b\xe1\
\x92\x52\x67\xf6\xfd\x3b\xea\x54\x01\x40\x8a\x9d\x0f\xe0\xe9\x1d\
\xc4\xc0\xab\x7f\x89\x9c\xe1\x67\xa8\x11\x51\x5c\x64\xbb\x4d\x5c\
\x52\xd6\x0c\x3e\xc1\xf4\xc8\x04\x80\x19\xc1\x4d\xe8\x97\xc6\x1b\
\xff\x90\x35\xb2\xcb\x87\xa3\xa2\xf6\xc7\x48\xcb\xec\xa5\x46\x49\
\xa9\x33\xfb\xfe\x1d\x75\xa9\xfa\xa4\xc2\xfd\x01\x7a\x0d\x1d\x87\
\x7e\x57\xdd\x0d\x77\x2f\x1e\xf2\x27\x6b\xe5\x78\x4c\xa4\x1b\x12\
\xeb\x6d\x74\x6f\x00\x3b\xdd\x07\x60\x7c\xef\xdd\x38\x2f\x9f\x27\
\xfe\x91\xb5\x74\x4f\x1a\x0a\x47\x4d\x41\xdb\x8e\xcd\x68\xd9\xbd\
\x53\x8d\x93\xc6\xd1\xae\xf7\x3f\x92\x4e\x1f\x01\x38\x24\x89\xcf\
\x07\x88\x4a\x29\x6f\xea\x3b\x73\x21\x74\x4f\xba\x9a\x11\x59\x62\
\x54\x9f\x36\x9c\xdc\xa7\x4d\x1d\x3b\x5e\x3f\x5f\x1b\xae\x08\xac\
\x57\xc7\x44\x16\xd1\x30\xe0\xa2\x79\x70\x69\xb8\x5e\x00\xf6\x69\
\xc5\x9d\xd4\x95\x7d\xff\x8e\xba\x5c\x00\x92\xf4\x7c\x80\x1d\xd2\
\x14\xa7\x8d\x5a\xdc\x74\x9f\x1a\x10\x59\xed\xec\xe2\x83\xe8\x97\
\xe9\xdc\x3b\x93\xa9\x7a\xb9\xa3\xf8\x5e\xdf\x7f\xaa\x63\x22\xcb\
\x4d\x7c\x6a\xdb\x43\x1e\x97\x18\xa9\x6b\x48\x9a\x7d\xa8\xae\xee\
\xfb\x77\xd4\xe5\x02\x80\x24\x3b\x1f\x40\x02\x6f\xc0\xd4\x87\x8f\
\x7a\xec\xd3\x7a\x35\x23\x4a\x04\x5d\x00\x97\x94\x35\x23\xc7\x93\
\x74\x6f\x34\x62\xce\xad\x49\xdc\x54\xf6\x01\x5c\x1a\xbf\x17\x64\
\x0f\xe3\x1e\x6f\x7a\x0f\xa6\xbb\xc0\xd0\xc4\x2a\x35\xb3\xa3\xae\
\xee\xfb\x77\xd4\xad\x02\x80\x24\xb9\x3f\x80\x04\x1e\x38\x58\xb8\
\x75\xf2\xc9\x8f\x6d\xde\xa6\x66\x44\x89\x94\x6e\x48\xcc\xec\xbf\
\x1f\x1e\xdd\xb9\x57\x06\x68\x02\x98\x5b\xba\x01\x7d\x5c\xad\x6a\
\x44\x94\x50\x93\x9f\xd9\xd4\x36\xe9\xa9\xa6\x91\x6e\x1d\xff\xfd\
\xc5\x52\x62\x4f\x9d\xbd\xde\xff\x48\xba\x5d\x00\x60\xef\xf3\x01\
\x9a\x01\x4c\x1f\xf5\xe8\xd6\x1b\x27\x2f\x04\x6f\xc3\x46\xb6\x94\
\x9f\x16\xc5\x9c\x41\xfb\x1c\x79\x24\xc0\xad\x49\x2c\xe8\xbb\x1e\
\xc3\x32\x76\xab\x11\x91\x6d\x4c\x78\x72\xdb\xf7\xdc\x86\x3c\x5b\
\x83\x6c\x57\xb3\x44\xeb\xee\xbe\x7f\x47\x3d\x2a\x00\xf6\x3c\x1f\
\x40\xfe\x4b\x0a\x79\xf2\xc9\x8f\x6e\xfd\xbd\x9a\x10\xd9\x4d\x7e\
\x5a\x14\xb5\x83\xf7\x3a\xea\x9c\x80\x5e\xee\x28\xea\xca\xff\xc9\
\xc5\x9f\x92\xc2\x84\x27\xb6\xff\xd5\x93\x26\x4b\x0c\x4d\x7c\xa2\
\x66\x89\xd2\x93\x7d\xff\x8e\x7a\x54\x00\x60\xb3\xf3\x01\x24\xe4\
\xb3\xae\x83\xd1\x53\x46\x2d\x6a\xfa\x50\xcd\x88\xec\x2a\xdd\x90\
\xb8\x72\xe0\x7e\x47\x5c\x1d\xd0\xcf\xd7\x86\xbb\x06\xae\xe4\x61\
\x7f\x4a\x2a\x63\x17\xed\xd8\x39\xe9\xa9\xa6\x7e\x6e\x1d\x2f\xaa\
\x59\x22\xf4\x64\xdf\xbf\xa3\x98\xdd\x96\xa4\xa1\x36\xf8\xb4\x00\
\x66\xa9\x73\x2b\x48\xc8\xb0\x80\xbc\xe1\xe4\x47\xb7\xfd\x42\xcd\
\x54\xa1\xcf\xd7\xd9\x76\x3f\x87\xa8\xe1\x33\x2f\x5e\xdd\xe2\x83\
\x69\xd1\x6f\xe9\xe6\x7d\xd6\xec\x90\x09\x00\xe3\x7a\xef\xe6\xa5\
\x7e\x64\x6b\x19\x43\x2e\x38\xe6\x9a\xb8\xbc\x2a\x50\x15\x36\xe5\
\x62\x53\x76\xed\x3e\x3a\xb1\x62\x68\xd8\x38\xe9\xa9\x6d\x03\xd4\
\x79\x77\xf4\xf8\x08\xc0\x21\x89\x3b\x1f\x40\x7e\xaa\x09\x31\xa1\
\x33\x8b\x3f\x91\xdd\x8d\xea\xd3\x86\x59\x03\xf7\xa7\xd4\x6d\x83\
\x75\x01\xcc\x2c\xda\xc4\xc5\x9f\x52\xc2\xf8\x27\x9b\x9e\x34\x0c\
\x31\x54\xd7\xe4\x2e\x35\x8b\xb7\x58\xec\xfb\x77\x14\xb3\x02\x90\
\xa0\xf3\x01\xfe\xae\x87\xcc\x11\x27\x2d\xda\xfa\x8e\x1a\x10\x25\
\xab\x7e\x99\x61\xcc\x1d\xb2\x37\x25\x1e\x20\x94\xef\x0d\xe3\xa6\
\xfe\x6b\x30\x21\x87\x17\xe2\x50\xea\x98\xf0\x78\xd3\x7a\x94\x6c\
\x2f\x74\xe9\x62\xb9\x9a\xc5\x4b\xac\xf6\xfd\x3b\x3a\xe6\xe1\x8e\
\xae\x7a\xb7\x36\x70\x95\x06\xf1\x94\x3a\x8f\x25\x09\x48\x48\xdc\
\x75\xb2\x7f\xeb\xed\x62\x61\xd7\xee\xda\xc4\x2d\x00\x4a\x26\x9b\
\x0f\x18\x78\x7d\xab\x0f\x9b\x0f\xc4\xe7\x81\x55\xf1\xda\x02\xc8\
\x74\x99\x98\x56\xb8\x99\x4f\xf5\xa3\xa4\xd2\x99\x2d\x00\x55\x7d\
\x65\xe0\xb6\xb0\x94\x0b\x21\x63\xbf\x9e\x76\xe4\xd6\xc5\x13\x3d\
\xb9\xe4\xef\x70\xe2\xf2\x09\x37\xd4\x04\xef\x14\x02\xb7\xaa\xf3\
\x58\x90\x52\xee\xd1\x34\x5c\x79\xd2\xa2\xa6\x57\xd4\xac\x33\x58\
\x00\x28\x19\xad\xdd\xeb\xc6\xdf\xb6\xa6\xe3\xf3\xb6\xd8\x6e\x3b\
\xc6\xba\x00\x78\x75\x89\x33\xf3\xb7\x63\x6a\x1e\xef\xe9\x4f\xc9\
\xa7\x3b\x05\x00\x00\x96\x57\xfa\xc7\x45\x4c\xf9\x5a\x14\x22\x2e\
\xf7\x99\x77\x09\xd1\x38\xf1\xe9\xa6\x93\xd5\x79\x4f\x75\xeb\x8b\
\xed\x8c\x86\xda\xe0\x7f\x0b\xe0\x06\x75\xde\x23\x12\xab\xa3\x66\
\xe4\xa2\xd1\x8f\xef\xf8\x58\x8d\x3a\x8b\x05\x80\x92\x95\x29\x81\
\x55\xbb\xbc\x58\xd2\x94\x86\xe6\x70\x6c\x76\xef\x62\x55\x00\x0c\
\x0d\x18\x93\xbb\x0b\x33\x0a\x37\x42\x17\x5d\x3a\x28\x47\x64\x1b\
\xdd\x2d\x00\x00\xf0\xce\xcc\xdc\xac\x56\x97\xf7\x9d\xa8\x94\x43\
\xd4\xac\x27\x0c\x4d\x7c\x32\xb1\xa4\xa9\x7f\x57\x8f\x76\x77\x46\
\xb7\xbf\xd8\xce\x58\x51\x13\xbc\x4f\x0a\xdc\x28\x62\xf0\xef\x91\
\x12\x4f\x1c\x6c\x37\x16\x4c\x7e\x66\x53\x8f\xae\x95\x62\x01\xa0\
\x64\x17\x36\x05\x1a\x3e\xf3\xe2\x83\x3d\x6e\x34\x1d\x34\x7a\x74\
\x9b\xb2\x9e\x16\x80\x0c\xc3\xc4\xd0\xcc\xfd\x98\xe1\xff\x08\x3e\
\xbd\x67\xff\x2c\xa2\x44\xeb\x49\x01\x38\x64\x59\x55\xe0\xb1\x70\
\x54\x56\xf7\xe4\xef\xf2\x10\x5d\x88\x35\x99\x6e\x79\xf2\x49\x8b\
\xb7\xc5\xe5\xdc\xba\x1e\x7f\xb1\xc7\xd2\x58\xe3\x1f\x67\x0a\xed\
\x31\x01\x0c\x56\xb3\xce\x90\x52\xbe\xa3\x69\xe2\xd6\x93\x16\x6d\
\xfd\x7f\x6a\xd6\x1d\x2c\x00\x94\x4a\xf6\x87\x35\xac\xdb\xeb\xc6\
\xba\xbd\x6e\x7c\xdc\xec\x42\xb4\x8b\xbf\xdd\x5d\x2d\x00\x02\x40\
\x8e\x3b\x8a\xe3\x32\xf7\x61\x72\xef\xad\x28\xf2\x1c\x54\x3f\x84\
\x28\x69\xc5\xa2\x00\x00\xc0\xf2\xd9\xfe\x33\x22\x51\xf9\x7c\x54\
\x8a\x5c\x35\xeb\x24\xe9\xd6\xc5\xcf\x26\x3c\xd9\x74\xbd\x1a\xc4\
\x52\x4c\xbe\xd8\x63\x59\x7f\xcd\x00\xcf\xbe\xd0\xc1\x6b\x01\x6d\
\x36\x80\x72\x35\x3f\x1c\x29\xe5\x3f\x01\xfc\x68\xd4\xe2\x9e\xdf\
\xec\xa0\x23\x16\x00\x4a\x55\xed\x51\x81\xf5\xfb\xdc\x58\xbb\xd7\
\x8d\x0d\xfb\x5d\x68\x8f\x1e\xfb\xcf\xbb\x33\x05\x40\x13\x40\x81\
\x37\x84\x8a\xac\x3d\x98\x92\xbb\x15\xbd\x8c\xe4\xbf\x3a\x81\xe8\
\x70\x62\x55\x00\x0e\xa9\xaf\xf2\x3f\x12\x31\x65\xa5\x94\xc2\xab\
\x66\x47\x20\x0d\x4d\xbc\xe5\x72\xc9\xea\xb1\x8b\xb7\xad\x53\xc3\
\x58\x8b\xe9\x17\xdb\x19\x0d\x73\x8a\x4e\x86\x26\x2f\x85\x94\xc7\
\x09\x81\x22\x48\x51\x0c\x20\x2c\x81\x75\x00\xd6\x41\xc8\x75\xc2\
\x94\xff\x3c\xe9\xb1\x6d\x7f\x13\x71\x78\x08\x03\x0b\x00\x39\x41\
\x54\x02\x7b\xda\x75\x34\x87\x35\xe5\x3f\xe2\x3f\xff\x3d\xa4\xe1\
\xdf\x7b\xa3\x70\x69\x12\x5e\xcd\x44\xba\x11\x45\xa6\x11\x41\xb6\
\x11\x42\x8e\xab\x1d\x7d\xdc\x6d\xc8\x77\xb7\xa2\x7f\xda\x7e\x3e\
\xad\x8f\x1c\x21\xd6\x05\xe0\x90\xe5\xb3\xfd\x97\x45\x4d\x71\x83\
\x09\xb3\x4c\x4a\x91\x25\xbf\xbc\x89\x90\x00\x4c\x08\x19\xd2\x84\
\xd8\xa0\x09\xfc\xdd\x15\xd1\xff\x7b\xcc\xaf\x3f\xdd\xaa\xfe\xff\
\xe3\x25\x2e\x5f\xac\x9d\xb1\x00\x10\xfd\x47\xe8\xb3\xb5\xea\x88\
\xc8\xb1\xe2\x55\x00\x54\x1f\x4c\x1f\xea\x1e\xf6\xd2\x9a\x84\x1f\
\x4a\x8b\xcd\xa9\xc4\x44\x44\x44\xd4\x29\x76\x58\xfc\xc1\x02\x40\
\x44\x44\xe4\x4c\x2c\x00\x44\x44\x44\x0e\xc4\x02\x40\x44\x44\xe4\
\x40\x2c\x00\x44\x44\x44\x0e\xc4\x02\x40\x44\x44\xe4\x40\x2c\x00\
\x44\x44\x44\x0e\xc4\x02\x40\x44\x44\xe4\x40\x2c\x00\x44\x44\x44\
\x0e\xc4\x02\x40\x44\x44\xe4\x40\x2c\x00\x44\x44\x44\x0e\xc4\x02\
\x40\x44\x44\xe4\x40\x2c\x00\x44\x44\x44\x0e\xc4\x02\x40\x44\x44\
\xe4\x40\x2c\x00\x44\x44\x44\x0e\xc4\x02\x40\x44\x44\xe4\x40\x2c\
\x00\x44\x44\x44\x0e\xc4\x02\x40\x44\x44\xe4\x40\x2c\x00\x44\x44\
\x44\x0e\xc4\x02\x40\x44\x44\xe4\x40\x2c\x00\x44\x44\x44\x0e\xc4\
\x02\x40\x44\x44\xe4\x40\x2c\x00\x44\x44\x44\x0e\xc4\x02\x40\x44\
\x44\xe4\x40\x2c\x00\x44\x44\x44\x0e\xc4\x02\x40\x44\x44\xe4\x40\
\x2c\x00\x44\x44\x44\x0e\xc4\x02\x40\x44\x44\xe4\x40\x2c\x00\x44\
\x44\x44\x0e\x24\xd4\x41\xaa\x0b\x7d\xbe\x4e\xaa\x33\x4a\x9c\xa8\
\x69\xe2\xfd\x8d\x9b\xf1\xf6\xfb\x1f\x62\xe3\xa7\xdb\xb1\x6b\x5f\
\x33\x76\xed\x6b\x46\x4b\x7b\x48\xfd\x50\x8a\x83\xd0\xde\xbd\xea\
\x88\xe2\x40\x08\x01\xc3\xd0\xe1\xf5\xb8\x11\xc8\xcb\xc2\x69\x23\
\x06\xe0\x9c\xd1\x83\xe0\x36\x74\xf5\x43\x29\x81\x32\x86\x5c\xe0\
\xa8\x35\xd1\x51\x5f\x2c\x58\x00\x6c\xa3\xa5\x3d\x84\x17\xff\xfe\
\x26\xfe\xa7\xbe\x01\x07\x5a\xdb\xd4\x98\x2c\xc2\x02\x90\x38\x42\
\x13\x38\x61\x40\x10\xb7\xce\x9c\x8c\xdc\xcc\x34\x35\xa6\x04\x60\
\x01\x48\x71\x2c\x00\x89\xf7\xea\x5b\xab\xf0\xc4\xcb\xff\x8b\x7d\
\x07\x5a\xd4\x88\x2c\xc6\x02\x90\x78\x9a\xa6\xe1\x8c\x53\x06\xe1\
\xfb\xd3\xc7\xab\x11\x59\xcc\x69\x05\x80\xe7\x00\x90\x65\x22\x51\
\x13\x0f\x3e\xff\x0a\x1e\x78\xee\x65\x2e\xfe\x44\x5f\x32\x4d\x13\
\xaf\xbd\xbd\x16\xd5\xf7\xff\x11\x6d\xe1\x88\x1a\x13\xc5\x0d\x0b\
\x00\x59\x22\x12\x35\x71\xcb\xaf\x7e\x8b\x3f\xbf\xb9\x52\x8d\x88\
\x08\xc0\x27\x4d\x9f\xe3\xb2\x3b\x9f\x67\x09\x20\xcb\xb0\x00\x90\
\x25\x1e\x7e\xe9\x55\xac\xfe\xf0\x63\x75\x4c\x44\x1d\xec\x6f\x6e\
\xc1\x82\x9f\xfd\x49\x1d\x13\xc5\x05\x0b\x00\xc5\xdd\xab\x6f\xad\
\xe2\x3b\x7f\xa2\x4e\xfa\xa4\xe9\x73\xdc\xf7\xd2\x72\x75\x4c\x14\
\x73\x2c\x00\x14\x57\x2d\xed\x21\x3c\xf1\xf2\xff\xaa\x63\x22\x3a\
\x8a\xbf\xbd\xfb\x21\x76\x37\xb7\xaa\x63\xa2\x98\x62\x01\xa0\xb8\
\x7a\xf1\xef\x6f\xf2\x84\x3f\xa2\x2e\x32\x4d\x13\x3f\xfd\xdd\x12\
\x75\x4c\x14\x53\x2c\x00\x14\x37\x51\xd3\xc4\xff\xd4\x37\xa8\x63\
\x22\xea\x84\x7f\x7e\xb4\x15\xa1\x48\x54\x1d\x13\xc5\x0c\x0b\x00\
\xc5\xcd\xfb\x1b\x37\xf3\x26\x3f\x44\xdd\x24\x4d\x89\x57\xde\xf9\
\x50\x1d\x13\xc5\x0c\x0b\x00\xc5\xcd\xdb\xef\xf3\xc5\x8b\xa8\x27\
\xfe\x77\xd5\x47\xea\x88\x28\x66\x58\x00\x28\x6e\x36\x7e\xba\x5d\
\x1d\x11\x51\x17\x34\x7d\xbe\x5f\x1d\x11\xc5\x0c\x0b\x00\xc5\xcd\
\xae\x7d\xcd\xea\x88\x88\xba\xa0\x8d\x0f\xc5\xa2\x38\x62\x01\xa0\
\xb8\x61\x01\x20\xea\x99\x08\x4f\x02\xa4\x38\x62\x01\xa0\xb8\xe1\
\x23\x7d\x89\x7a\x46\x4a\x3e\xbb\x8c\xe2\x87\x05\x80\x88\x88\xc8\
\x81\x58\x00\x88\x88\x88\x1c\x88\x05\x80\x88\x88\xc8\x81\x58\x00\
\x88\x88\x88\x1c\x88\x05\x80\x88\x88\xc8\x81\x58\x00\x88\x88\x88\
\x1c\x88\x05\x80\x88\x88\xc8\x81\x58\x00\x88\x88\x88\x1c\x88\x05\
\x80\x88\x88\xc8\x81\x58\x00\x88\x88\x88\x1c\x88\x05\x80\x88\x88\
\xc8\x81\x58\x00\x88\x88\x88\x1c\x88\x05\x80\x88\x88\xc8\x81\x58\
\x00\x88\x88\x88\x1c\x48\xa8\x83\x54\x17\xfa\x7c\x1d\x9f\xaf\x69\
\x91\xd3\xaf\x59\xa8\x8e\x2c\x71\xe9\xb5\x8f\xa8\xa3\x94\xf6\xfc\
\xcf\xe6\xa9\xa3\x4e\x0b\xed\xdd\xab\x8e\x3a\x6d\xd2\x75\xbf\x56\
\x47\x29\x6d\xe9\x43\x57\xaa\x23\x4b\xfc\xfd\x81\x1a\x75\x44\x71\
\x92\x31\xe4\x02\x47\xad\x89\x3c\x02\x40\x44\x44\xe4\x40\x2c\x00\
\x44\x44\x44\x0e\xc4\x02\x40\x44\x44\xe4\x40\x2c\x00\x44\x44\x44\
\x0e\xc4\x02\x40\x44\x44\xe4\x40\x2c\x00\x44\x44\x44\x0e\xc4\x02\
\x40\x44\x44\xe4\x40\x2c\x00\x44\x44\x44\x0e\xc4\x02\x40\x44\x44\
\xe4\x40\x2c\x00\x44\x44\x44\x0e\xc4\x02\x40\x44\x44\xe4\x40\x2c\
\x00\x44\x44\x44\x0e\xc4\x02\x40\x44\x44\xe4\x40\x2c\x00\x44\x44\
\x44\x0e\xc4\x02\x40\x44\x44\xe4\x40\x2c\x00\x44\x44\x44\x0e\xc4\
\x02\x40\x44\x44\xe4\x40\x2c\x00\x44\x44\x44\x0e\xc4\x02\x40\x44\
\x44\xe4\x40\x2c\x00\x44\x44\x44\x0e\xc4\x02\x40\x44\x44\xe4\x40\
\x2c\x00\x44\x44\x44\x0e\xc4\x02\x40\x44\x44\xe4\x40\x2c\x00\x44\
\x44\x44\x0e\xc4\x02\x40\x44\x44\xe4\x40\x2c\x00\x44\x44\x44\x0e\
\xc4\x02\x40\x44\x44\xe4\x40\x2c\x00\x44\x44\x44\x0e\xc4\x02\x40\
\x44\x44\xe4\x40\x2c\x00\x44\x44\x44\x0e\xc4\x02\x40\x44\x44\xe4\
\x40\x2c\x00\x44\x44\x44\x0e\xc4\x02\x40\x44\x44\xe4\x40\x2c\x00\
\x44\x44\x44\x0e\xc4\x02\x40\x44\x44\xe4\x40\x2c\x00\x44\x44\x44\
\x0e\xc4\x02\x40\x44\x44\xe4\x40\x2c\x00\x44\x44\x44\x0e\xc4\x02\
\x40\x44\x44\xe4\x40\x2c\x00\x44\x44\x44\x0e\xc4\x02\x40\x44\x44\
\xe4\x40\x2c\x00\x44\x44\x44\x0e\xc4\x02\x40\x44\x44\xe4\x40\x2c\
\x00\x44\x44\x44\x0e\xc4\x02\x40\x44\x44\xe4\x40\x2c\x00\x44\x44\
\x44\x0e\xc4\x02\x40\x44\x44\xe4\x40\x2c\x00\x44\x44\x44\x0e\xc4\
\x02\x40\x44\x44\xe4\x40\x2c\x00\x44\x44\x44\x0e\xc4\x02\x40\x44\
\x44\xe4\x40\x2c\x00\x44\x44\x44\x0e\xc4\x02\x40\x44\x44\xe4\x40\
\x2c\x00\x44\x44\x44\x0e\xc4\x02\x40\x44\x44\xe4\x40\x2c\x00\x44\
\x44\x44\x0e\xc4\x02\x40\x44\x44\xe4\x40\x2c\x00\x44\x44\x44\x0e\
\xc4\x02\x40\x44\x44\xe4\x40\x2c\x00\x44\x44\x44\x0e\xc4\x02\x40\
\x44\x44\xe4\x40\x2c\x00\x44\x44\x44\x0e\xc4\x02\x40\x44\x44\xe4\
\x40\x2c\x00\x44\x44\x44\x0e\xc4\x02\x40\x44\x44\xe4\x40\x2c\x00\
\x44\x44\x44\x0e\xc4\x02\x40\x44\x44\xe4\x40\x2c\x00\x44\x44\x44\
\x0e\xc4\x02\x40\x44\x44\xe4\x40\x2c\x00\x44\x44\x44\x0e\xc4\x02\
\x40\x44\x44\xe4\x40\x2c\x00\x44\x44\x44\x0e\xc4\x02\x40\x44\x44\
\xe4\x40\x2c\x00\x44\x44\x44\x0e\x24\xd4\x41\x92\x93\xea\xc0\xae\
\x42\x9f\xaf\x53\x47\x29\xe7\xf4\x6b\x16\xaa\x23\x4b\x5c\x7a\xed\
\x23\xea\x28\xa5\x3d\xff\xb3\x79\xea\xa8\xd3\x42\x7b\xf7\xaa\xa3\
\x4e\x9b\x74\xdd\xaf\xd5\x51\x4a\x5b\xfa\xd0\x95\xea\xc8\x12\x7f\
\x7f\xa0\x46\x1d\x51\x9c\x64\x0c\xb9\x20\xd5\xd6\xc4\xa3\x4a\xa5\
\x23\x00\x49\xb3\xf8\x03\x80\x3b\x6f\xb0\x3a\x22\x22\x22\xb2\x4c\
\x2a\x15\x00\x22\x22\x22\xea\x24\x16\x00\x22\x22\x22\x07\x62\x01\
\x20\x22\x22\x72\x20\x16\x00\x22\x22\x22\x07\x62\x01\x20\x22\x22\
\x72\x20\x16\x00\x22\x22\x22\x07\x62\x01\x20\x22\x22\x72\x20\x16\
\x00\x22\x22\x22\x07\x62\x01\x20\x22\x22\x72\x20\x16\x00\x22\x22\
\x22\x07\x62\x01\x20\x22\x22\x72\x20\x16\x00\x22\x22\x22\x07\x62\
\x01\x20\x22\x22\x72\x20\x16\x00\x22\x22\x22\x07\x62\x01\x20\x22\
\x22\x72\x20\x16\x00\x22\x22\x22\x07\x62\x01\x20\x22\x22\x72\x20\
\x16\x00\x22\x22\x22\x07\x62\x01\x20\x22\x22\x72\x20\x16\x00\x22\
\x22\x22\x07\x62\x01\x20\x22\x22\x72\x20\x16\x00\x22\x22\x22\x07\
\x62\x01\x20\x22\x22\x72\x20\x16\x00\x22\x22\x22\x07\x62\x01\x20\
\x22\x22\x72\x20\x16\x00\x22\x22\x22\x07\x62\x01\x20\x22\x22\x72\
\x20\x16\x00\x22\x22\x22\x07\x62\x01\x20\x22\x22\x72\x20\x16\x00\
\x22\x22\x22\x07\x62\x01\x20\x22\x22\x72\x20\x16\x00\x22\x22\x22\
\x07\x62\x01\x20\x22\x22\x72\x20\x16\x00\x22\x22\x22\x07\x62\x01\
\x20\x22\x22\x72\x20\x16\x00\x22\x22\x22\x07\x62\x01\x20\x22\x22\
\x72\x20\x16\x00\x22\x22\x22\x07\x62\x01\x20\x22\x22\x72\x20\x16\
\x00\x22\x22\x22\x07\x62\x01\x20\x22\x22\x72\x20\x16\x00\x22\x22\
\x22\x07\x62\x01\x20\x22\x22\x72\x20\x16\x00\x22\x22\x22\x07\x12\
\xea\xe0\x70\xea\x64\x9d\x91\xfb\xe9\xce\xf1\xa6\xc4\xb9\x80\xa8\
\x10\x40\x00\x40\x00\x02\x99\xea\xc7\x26\xca\x75\xc5\x8f\xa8\x23\
\xdb\x7b\x68\xcb\x3c\x75\x94\x52\xfe\x78\xd3\x1e\x75\x44\x36\x13\
\xda\xbb\x57\x1d\x91\xcd\x94\xdc\xf2\x91\x3a\x22\xfa\x8a\x2e\x74\
\xe9\xd2\xdc\x61\xdd\x70\x1d\xf4\x68\x9e\x8f\xdd\x86\xe7\xb7\x39\
\xd9\xe6\xaf\x16\xf6\xab\x6f\x53\x3f\x56\x75\xd4\x02\x70\xcf\x67\
\x55\x99\xee\x36\xcf\xf7\x05\x70\x0d\x20\xb2\xd5\xdc\x4e\x58\x00\
\xec\x87\x05\xc0\xfe\x58\x00\xec\x8f\x05\x80\xba\x4a\x17\x86\xcc\
\x4e\xef\xfd\x86\x27\xcd\x77\xc9\x43\x43\x5f\xdb\xa6\xe6\x87\x1c\
\x71\x0b\xe0\x81\xcd\xf3\xab\x3d\xad\xde\x7f\x0b\x88\xdb\xec\xbe\
\xf8\x13\x11\x11\xd1\x17\xa2\x32\x22\x76\x1d\xdc\x31\x7e\xc7\xae\
\x2d\x9f\xce\x5f\x39\xf1\x19\x35\x3f\xe4\x1b\x05\xe0\xd1\xc6\x1a\
\xd7\x83\x9b\xe7\x3d\xaa\x09\xf9\x18\x04\xf2\xd4\x9c\x88\x88\x88\
\xec\x2f\x2a\xc3\xda\x67\x07\x9b\xae\xac\x69\x38\x75\x4d\x5d\xe3\
\x39\xe9\x6a\xfe\xb5\x02\xf0\x68\x63\x8d\xab\x25\x5f\xff\x8b\x10\
\xa8\xe9\x38\x27\x22\x22\xa2\xe4\xb4\xb7\xed\xf3\x21\x9b\xa3\x4d\
\x5b\xd4\x12\xf0\xb5\x02\xd0\x92\x6f\xfc\x42\x08\x71\x5a\xc7\x19\
\x11\x11\x11\x25\xb7\x83\xed\xcd\xb9\xdb\xcc\x5d\x8d\x1d\x67\x5f\
\x15\x80\x07\x36\xcf\xaf\xe6\x3b\x7f\x22\x22\xa2\xd4\xb4\xb7\xed\
\xf3\x21\x1d\xcf\x09\xd0\xf0\xe5\xd9\xfe\x1a\xe4\x7f\x7d\xed\x23\
\x89\x88\x88\x28\xa5\xec\x6e\xf9\xec\xf2\xeb\xd6\x9c\xe9\xc7\xa1\
\x02\xe0\x6e\xf3\x7c\x9f\x27\xfc\x11\x11\x11\xa5\xb6\xa8\x0c\x6b\
\xed\xad\x07\x5f\x00\x00\xad\x4e\xd6\x19\x5f\x5c\xe7\x4f\x44\x44\
\x44\xa9\x6e\x6f\xcb\xae\x71\x75\x1f\x4f\xf4\x6a\xb9\x9f\xee\x1c\
\xcf\xeb\xfc\x89\x88\x88\x9c\x21\x2a\x23\x62\xcf\x5e\xed\x6a\xed\
\x8b\xdb\xfb\x12\x11\x11\x91\x53\x84\x22\xed\x97\x6b\x80\xa8\x50\
\x03\x22\x22\x22\x4a\x5d\xed\x66\x7b\x3f\xed\xcb\x07\xfb\x10\x11\
\x11\x91\x43\x44\x23\x61\x9f\x78\x68\xf3\xbc\xfd\x89\x7c\xaa\x5f\
\x32\x3e\xc4\xc7\x4e\xec\xfc\x40\x21\x3e\x0c\xc8\xfe\xf8\x30\x20\
\xfb\xe3\xc3\x80\x28\x1e\x74\xa1\xcb\x6f\x3c\x0b\xc0\x4a\x5c\xfc\
\x7b\xee\xba\xe2\x47\xf8\x7d\x24\x22\xa2\x2e\xd3\x00\x34\xa9\x43\
\x2b\x70\xd1\x8a\x2d\x7e\x3f\x89\x88\xa8\xb3\x5c\x9a\x3b\xac\xc9\
\x04\x15\x00\x22\x22\x22\x4a\x0c\xdd\x70\x1d\xd4\x00\xf9\x9e\x1a\
\x10\x11\x11\x51\xea\xf2\x68\x9e\x8f\x35\x4d\xe0\x65\x35\xb0\x82\
\x9d\x4f\x5e\x4b\x46\xfc\x7e\x12\x11\x51\x67\xb9\x0d\xcf\x6f\xb5\
\xdd\x45\xf9\xcb\x01\x99\x90\x53\x81\xb9\x68\xc5\x06\xbf\x8f\x44\
\x44\xd4\x59\xba\x30\x64\x4e\xb6\xf9\x2b\x6d\xa1\x58\x18\x91\xc0\
\xc3\xea\x07\x10\x11\x11\x51\xea\xc9\x4e\xef\xfd\xc6\xc2\x7e\xf5\
\x6d\x1a\x00\x84\xbc\xed\xf7\x41\xe2\x73\xf5\x83\xac\xc0\x77\xaf\
\x3d\xc3\xef\x1f\x11\x11\x75\x96\x2e\x5c\xa6\x27\xcd\x77\x09\x0e\
\x3d\x0e\xf8\x07\x7d\x9e\x6c\x36\x21\x6e\x51\x3f\xd0\x2a\x5c\xc4\
\xba\x87\xdf\x37\x22\x22\xea\x8a\xdc\xf4\x3e\xbf\x7d\x68\xe8\x6b\
\xdb\x70\xa8\x00\x00\xc0\x0d\x25\xbf\x7c\x5c\x4a\x2c\xfe\xda\x47\
\x12\x11\x11\x51\x4a\xc8\xf6\xe6\xad\xfd\xe5\xc8\xfa\x59\x87\xfe\
\xf7\xd7\xee\x04\x98\xbe\x33\xb2\x40\x4a\xf9\xbf\x1d\x67\x56\xe1\
\xbb\xd9\xae\xe1\xf7\x8b\x88\x88\x3a\xcb\xe7\xc9\xdc\xed\xd7\x7a\
\x9f\xd4\x71\xf6\xb5\x02\x50\x7b\xd2\xe2\x70\xfa\xce\xe8\x59\x89\
\x3a\x12\xc0\x45\xad\x73\xf8\x7d\x22\x22\xa2\xce\xca\xf6\xe6\xad\
\x2d\xd1\x03\xc5\x0b\x4f\x7a\xa5\xa5\xe3\xfc\x1b\xcf\x02\xa8\x3d\
\x69\x71\xf8\xfa\x92\x47\x6a\x4d\x29\xe6\x24\xea\xc4\x40\x22\x22\
\x22\xea\x19\x5d\xb8\xcc\x3e\xbe\xc0\xaf\x17\x8f\x7a\x7b\xa8\xba\
\xf8\xe3\x70\x05\xe0\x90\x1b\x4a\x7e\xf9\x78\x7b\x5a\x5b\x99\x84\
\xfc\x89\x95\xf7\x09\xe0\xbb\xdb\xa3\xe3\xf7\x87\x88\x88\x8e\x46\
\x17\x86\xec\xed\x2b\x58\x5e\xd0\xbb\xb8\xa8\xe3\x9e\xbf\x4a\xa8\
\x83\xc3\xa9\x93\x75\x46\xee\xa7\x3b\xc7\x9b\x12\xe7\x02\xa2\x42\
\x00\x01\x00\x81\x78\x3e\x46\x98\x0f\xb7\xf9\xa6\x64\x5b\xfc\xf9\
\x38\x60\xfb\xe3\xe3\x80\xed\x8f\x8f\x03\xa6\xa3\xd1\x85\x2e\x5d\
\x9a\x3b\xac\x1b\xae\x83\x1e\xcd\xf3\xb1\xdb\xf0\xfc\x36\x27\xdb\
\xfc\xd5\xc2\x7e\xf5\x6d\xea\xc7\xaa\x3a\x55\x00\x12\x44\xaa\x03\
\xb2\xc7\xcf\xcb\x7c\x1f\x57\x0a\x81\x67\xd4\x39\x25\xa1\x15\xea\
\x80\x92\x91\xcc\xc3\x62\xed\x5c\xd4\xaa\x73\xa2\xa3\xb1\xc5\x82\
\x72\x14\x2c\x01\xff\x61\x8b\x9f\x95\x7c\x11\xba\x1c\x82\x35\x42\
\xa0\x5c\xcd\x28\x09\xb1\x00\xa4\x04\xe9\x46\x48\xb8\x90\x29\x2e\
\x46\x48\xcd\x88\x8e\xe4\x88\xe7\x00\xd8\x84\x2d\x16\x3d\x1b\xb0\
\xcd\xf7\x41\x0e\xc5\x25\x5c\xfc\x89\xec\x45\x84\xe0\x96\x69\x78\
\x40\x9d\x13\x1d\x8d\x6d\x16\x96\xa3\xe0\x51\x00\x9b\xfc\x9c\xa4\
\x84\x26\xff\x85\x0f\x04\x30\x44\xcd\x28\x49\xf1\x08\x40\xca\x90\
\x6e\xb4\x8b\x00\x32\xc4\x64\x44\xd4\x8c\xe8\x70\xec\x7e\x04\x00\
\x76\x59\xfc\x12\xc8\x36\x5f\xbf\x7c\x1f\xd3\xb8\xf8\x13\xd9\x93\
\x08\xc1\x23\x0f\xe2\x3e\x75\x4e\x74\x24\xc9\x50\x00\x60\xa7\x45\
\xd0\x62\xb6\xf9\xba\xa5\x84\x80\x86\x1f\xa9\x73\x22\xb2\x91\x66\
\xcc\x95\x75\x49\xf3\xba\x4e\x09\xc6\x5f\x14\xea\x14\xf9\x01\x2e\
\x10\xc0\xf1\xea\x9c\x88\xec\x43\xb4\xc1\x2b\x4f\xc2\xdd\xea\x9c\
\xe8\x70\x92\xa9\x00\xd8\xe6\xdd\xb0\x45\xec\xf6\xf5\xde\xa6\x0e\
\x88\xc8\x86\x9a\xb1\x40\x1d\x11\x1d\x4e\x32\x15\x00\xd8\x70\x51\
\x8c\x17\x5b\x7d\x9d\xe6\xfb\x38\x57\x08\x54\xa8\x73\x22\xb2\x1f\
\xd1\x8e\x34\xf3\xcf\xf8\x89\x3a\x27\x52\x25\x5b\x01\xa0\x44\x10\
\xb8\x5d\x1d\x11\x91\x8d\x35\xe3\x7a\x75\x44\xa4\x4a\xc6\x02\x60\
\xab\x77\xc7\x71\x60\xab\xaf\xcf\xfc\x17\xce\x12\xc0\xd7\x1e\x21\
\x49\x44\xf6\x26\x5a\xe1\x33\xff\xcc\x6d\x3b\x3a\xba\x64\x2c\x00\
\xb0\xdb\x22\x19\x43\xf6\xfb\xba\x4c\xbe\xfb\x27\x4a\x4a\xcd\xb8\
\x49\x1d\x11\x75\x94\xac\x05\x80\x2c\x60\xfe\x13\x67\x08\x81\xd1\
\xea\x9c\x88\xec\x4f\xb4\x22\xc3\x7c\x19\x3f\x50\xe7\x44\x87\x24\
\x73\x01\xb0\xdf\xbb\xe5\x9e\xb1\xdf\xd7\xc3\xbd\x7f\xa2\xe4\xd6\
\x82\x1f\xaa\x23\xa2\x43\x92\xb9\x00\xc0\x96\x8b\x66\xf7\xd8\xee\
\xeb\x30\xdf\xc7\x64\x21\x30\x4e\x9d\x13\x51\xf2\x10\x2d\xc8\x32\
\x5f\xe5\x09\x81\x74\x78\xc9\x5e\x00\x28\x5e\x04\x4f\x20\x22\x4a\
\x09\x07\xf8\xb7\x4c\x87\x97\x0a\x05\xc0\x76\xef\x9e\xbb\xc8\x76\
\x9f\xbf\xfc\x00\xe3\x04\x30\x59\x9d\x13\x51\xf2\x11\x07\x91\x63\
\xbe\x8a\x79\xea\x9c\x28\x15\x0a\x00\xec\xb8\x88\x76\x92\x2d\x3f\
\x6f\x09\xee\xfd\x13\xa5\x94\x66\xfc\x58\x1d\x11\xa5\x4a\x01\xa0\
\x18\x31\xd7\x60\xb4\x00\xce\x50\xe7\x44\x94\xbc\x44\x0b\x7a\x9b\
\x7f\x46\xb5\x3a\x27\x67\x4b\xa5\x02\x60\xcb\x77\xd3\x47\x61\xcf\
\xcf\x37\xca\x77\xff\x44\x29\xa9\x05\x77\xa9\x23\x72\xb6\x54\x2a\
\x00\xb0\xed\xa2\xfa\x4d\xb6\xfc\x3c\xcd\x7f\xe2\x24\x21\x70\x96\
\x3a\x27\xa2\xe4\x27\x0e\xa0\x8f\xf9\x0a\xae\x50\xe7\xe4\x5c\xa9\
\x56\x00\xa8\x27\x34\xbe\xfb\x27\x4a\x69\xad\xb8\x4f\x1d\x91\x73\
\xa5\x62\x01\xb0\xe5\xbb\xeb\x0e\x6c\xf9\xf9\xc9\x0f\x50\x21\x80\
\x73\xd5\x39\x11\xa5\x0e\x71\x00\x05\xe6\x9f\x71\x89\x3a\x27\x67\
\x4a\xc5\x02\x00\xbb\x2e\xb2\x36\xfe\xbc\x20\xc1\x6b\x85\x89\x1c\
\xa1\x05\x0f\xa8\x23\x72\xa6\x54\x2d\x00\xd4\x05\xe6\x3f\x70\x3c\
\x24\x2e\x50\xe7\x44\x94\x7a\xc4\x01\x04\xcc\xbf\xe0\x42\x75\x4e\
\xce\x93\xca\x05\xc0\x6e\xef\xb6\xed\xf6\xf9\xfc\x87\x8e\x1f\x09\
\x61\xe3\xcf\x8f\x88\x62\xeb\x00\x1e\x52\x47\xe4\x3c\xa9\x5c\x00\
\x60\xa3\x45\xd7\x2e\x9f\xc7\x37\x98\xef\x63\x08\x24\xa6\xa9\x73\
\x22\x4a\x5d\xe2\x00\x8a\xcd\xbf\x60\xaa\x3a\x27\x67\x49\xf5\x02\
\x40\xc7\xf6\x23\x21\xf8\x7b\x40\xe4\x38\x07\xf1\x0b\x75\x44\xce\
\xe2\x84\x17\xfe\x44\xbf\xfb\x4e\xf4\xbf\xff\x88\xcc\x35\x28\x87\
\xe0\x19\xc1\x44\x4e\x24\x0e\xa0\xaf\xf9\x2a\xbe\xa5\xce\xc9\x39\
\x9c\x50\x00\x90\xc0\x45\x38\x51\xff\xde\xce\x31\x71\xab\x00\x74\
\x75\x4c\x44\x0e\x20\x01\xb4\xe0\x11\x75\x4c\xce\xe1\x94\x02\x40\
\x0a\xf3\x7d\xf4\x07\x70\x99\x3a\x27\x22\xe7\x10\x07\xd0\xdf\xfc\
\x2b\x9f\xfc\xe9\x54\x4e\x2a\x00\x56\xbf\x1b\xb7\xfa\xdf\xd7\x35\
\x02\xb7\x08\xc0\x50\xc7\x44\xe4\x20\x12\xc0\x41\x2c\x52\xc7\xe4\
\x0c\x4e\x2a\x00\xb0\x70\x51\xb6\xea\xdf\xd3\x2d\xe6\xbf\x50\x0a\
\xe0\x4a\x75\x4e\x44\xce\x23\x9a\x51\x6e\xfe\x15\x63\xd4\x39\xa5\
\x3e\xa7\x15\x00\x02\x00\x13\xb7\x08\xc0\xa5\x8e\x89\xc8\x81\xbe\
\x38\x0a\xf0\x98\x3a\xa6\xd4\xe7\xc4\x02\x10\xef\x77\xe7\xf1\xfe\
\xe7\xf7\x88\xf9\x0f\x14\x01\xa8\x54\xe7\x44\xe4\x5c\xa2\x19\x43\
\xcd\x57\x71\xb2\x3a\xa7\xd4\xe6\xc4\x02\x00\xbb\x2f\xd2\x71\xa5\
\xe1\x66\x21\xe0\x56\xc7\x44\xe4\x60\x12\x40\x1b\x9e\x50\xc7\x94\
\xda\x9c\x5a\x00\xe2\xc5\xd6\xc5\xc2\x5c\x8b\x00\x80\x6a\x75\x4e\
\x44\x24\xf6\xe3\x78\xf3\x55\x0c\x57\xe7\x94\xba\x9c\x5c\x00\x62\
\xbd\x58\xc7\xfa\x9f\x17\x7b\x51\xdc\x24\x04\x3c\xea\x98\x88\xe8\
\xcb\xa3\x00\x4f\xaa\x63\x4a\x5d\x4e\x2e\x00\x48\x8a\x45\x3b\x46\
\xcc\x7f\xa2\x00\x40\x8d\x3a\x27\x22\x3a\x44\x34\xa3\xc2\x7c\x0d\
\xc3\xd4\x39\xa5\x26\xa7\x17\x80\x58\xb1\x7f\x91\xd0\x70\x8d\x00\
\xd2\xd4\x31\x11\xd1\x57\x4c\x00\x2d\xbc\x2f\x80\x53\xb0\x00\xf4\
\x7c\xf1\xee\xe9\xff\xdf\x2a\x97\xaa\x03\x22\xa2\x6f\x68\xc1\x28\
\x75\x44\xa9\x89\x05\xe0\x0b\xc9\xb2\x88\x77\x8b\xb9\x06\x23\x04\
\xd0\x5f\x9d\x13\x11\xa9\x44\x08\x2e\xf3\xaf\xbc\x4d\xb8\x13\xb0\
\x00\xf4\x4c\x72\x14\x87\x28\xa6\xab\x23\x22\xa2\x23\x6a\xc5\x35\
\xea\x88\x52\x0f\x0b\xc0\x7f\x74\x75\x31\xef\xea\xc7\x27\xd2\x49\
\xea\x80\x88\xe8\x88\x42\x28\x57\x47\x94\x7a\x58\x00\xbe\x2e\x99\
\x16\xf5\xce\x13\xe8\xa3\x8e\x88\x88\x8e\x28\xca\x13\x86\x9d\x80\
\x05\xa0\x7b\x92\xab\x28\x48\x16\x00\x22\xea\x02\x93\xf7\x0b\x71\
\x02\x16\x80\x6f\x3a\xd6\xe2\x7e\xac\xdc\x8e\x7a\xab\x03\x22\xa2\
\x23\x11\x11\xae\x0d\x4e\xc0\x1f\xb2\x33\xec\x50\x07\x44\x44\x47\
\x22\x0d\x44\xd4\x19\xa5\x1e\x16\x80\xc3\x3b\xd2\xbb\xfc\x23\xcd\
\xed\x4d\xe0\x43\x75\x44\x44\x74\x44\x2e\xec\x53\x47\x94\x7a\x58\
\x00\x8e\x4c\x5d\xec\xd5\xff\x9d\x3c\x24\x0b\x00\x11\x75\x81\x0b\
\x5b\xd5\x11\xa5\x1e\x16\x80\xa3\x13\x1d\xfe\x93\xcc\x56\xa8\x03\
\x22\xa2\x23\x72\xe1\x1d\x75\x44\xa9\x87\x05\xc0\x01\x44\x06\x5e\
\x94\xc0\x4e\x75\x4e\x44\xa4\x92\x06\x4c\x91\x81\x1f\xa8\x73\x4a\
\x3d\x2c\x00\x0e\x20\xfa\xa1\x0d\xc0\x23\xea\x9c\x88\xe8\x1b\xb2\
\xb0\x4c\x4c\xc6\x5e\x75\x4c\xa9\x87\x05\xc0\x21\x84\x81\x5f\x4a\
\xa0\x45\x9d\x13\x11\x7d\x45\x03\x60\xa0\x56\x1d\x53\x6a\x62\x01\
\x70\x08\x31\x18\x9f\x43\xe2\x4a\x29\x21\xd5\x8c\x88\x08\x00\x64\
\x2e\xee\xd7\xa6\x62\xbd\x3a\xa7\xd4\xc4\x02\xe0\x20\xda\xf1\xf8\
\x03\x04\x6e\x51\xe7\x44\x44\x32\x17\xaf\x6a\xe7\xe2\xfb\xea\x9c\
\x52\x17\x0b\x80\xc3\x68\xc3\x70\x8f\x94\x58\xac\xce\x89\xc8\xb9\
\x64\x16\xd6\x6a\xe7\x63\xaa\x3a\xa7\xd4\xc6\x02\xe0\x40\xda\xf1\
\xa8\x95\x12\xd7\x49\x89\x90\x9a\x11\x91\x83\x08\x40\xe6\xe2\xff\
\x68\x17\x61\xa8\x1a\x51\xea\x63\x01\x70\x28\xed\x78\xfc\x0c\x3a\
\x4e\x95\x12\x1f\xa9\x19\x11\xa5\x3e\xe9\x41\x58\x16\x62\xa6\x76\
\x3e\x2e\x54\x33\x72\x06\x16\x00\x07\xd3\x86\x62\x95\x68\xc7\x89\
\x12\xa8\x91\x40\xa3\x9a\x13\x51\xea\x91\x5e\xb4\xc8\x3c\xfc\x46\
\xf8\x11\xd0\xbe\x8d\x67\xd5\x9c\x9c\x23\xd9\xef\x70\x47\x31\x64\
\xae\xc1\x08\x44\x31\x4d\x00\x03\x20\x50\x26\x81\x32\x01\xe4\xa8\
\x1f\x47\x29\x84\xf7\x88\x4c\x69\x52\x83\x84\x1b\xad\x30\xb0\x1b\
\x2e\x6c\x81\x17\xbf\xe0\xa2\x4f\x87\xfc\x7f\xd5\x18\x9a\x0f\x61\
\xe9\xce\x89\x00\x00\x00\x00\x49\x45\x4e\x44\xae\x42\x60\x82\
\x00\x00\x45\xd6\
\x89\
\x50\x4e\x47\x0d\x0a\x1a\x0a\x00\x00\x00\x0d\x49\x48\x44\x52\x00\
\x00\x02\x00\x00\x00\x02\x00\x08\x06\x00\x00\x00\xf4\x78\xd4\xfa\
\x00\x00\x00\x04\x73\x42\x49\x54\x08\x08\x08\x08\x7c\x08\x64\x88\
\x00\x00\x00\x09\x70\x48\x59\x73\x00\x00\x0b\x13\x00\x00\x0b\x13\
\x01\x00\x9a\x9c\x18\x00\x00\x00\x19\x74\x45\x58\x74\x53\x6f\x66\
\x74\x77\x61\x72\x65\x00\x77\x77\x77\x2e\x69\x6e\x6b\x73\x63\x61\
\x70\x65\x2e\x6f\x72\x67\x9b\xee\x3c\x1a\x00\x00\x20\x00\x49\x44\
\x41\x54\x78\x9c\xec\xdd\x79\x98\x54\xd5\x9d\x3f\xfe\xf7\xb9\xb7\
\xb6\x5e\xe9\x05\x9a\xe5\x5e\xba\x9b\x06\x9a\x45\x90\x06\x71\x83\
\x42\x01\xb7\x08\xee\xe2\x02\x44\x8d\x74\x45\x4b\x1a\xe3\x3a\x46\
\x63\x5c\x30\x86\x71\x1b\x35\xa3\x49\x30\x16\x59\x26\x8e\x89\x3a\
\xc9\x6f\xbe\x49\xc6\x68\x66\xe6\x9b\x48\x77\x92\xf9\x9a\x12\x9c\
\x28\x9b\x82\x0b\x52\x2a\x6e\x20\x6b\x77\x55\xdd\x7b\x7f\x7f\x34\
\x44\x24\x20\xdd\x4d\x55\x7d\xaa\xea\xbc\x5f\xcf\xc3\xf3\x68\xd3\
\x5d\xf5\x6e\xa0\xeb\xbc\xeb\x9c\x73\xcf\x55\x9e\xe7\x81\x88\x8a\
\x5f\x3c\x6a\x4f\x00\x70\x14\x80\xf1\x7b\x7f\x6d\xeb\x72\xfb\x1b\
\x0a\x5b\x0d\xa8\xb7\x95\xc2\xcb\x4a\xe1\xb7\xe1\x58\xe2\x19\xd9\
\xa4\x44\x94\x0b\x8a\x05\x80\xa8\xb8\xc5\xa3\xf6\x74\x00\x77\x02\
\x38\x71\xff\xdf\xfb\xb4\xd3\xfd\xbb\xcf\x37\x0d\x6c\x35\x95\x5a\
\x3c\x6d\x59\xe2\xe1\xac\x87\x23\x22\x31\x2c\x00\x44\x45\xea\x8b\
\x06\xfe\xbd\x0e\x54\x00\xf6\x62\x11\x20\x2a\x6e\x2c\x00\x44\x45\
\x26\x1e\xb5\x43\x00\xbe\x0b\x60\xc1\xa1\x3e\xf7\x8b\x0a\xc0\x5e\
\x3e\x43\xbd\x66\x1a\x38\x36\x1c\x4b\x6c\xcd\x40\x3c\x22\xca\x13\
\x86\x74\x00\x22\xca\x9c\x78\xd4\x6e\x02\xf0\x27\xf4\x60\xf0\xef\
\xa9\xb4\xeb\x35\xa7\x1c\xef\xdd\x8e\x88\x75\xd0\x99\x04\x22\x2a\
\x3c\x2c\x00\x44\x45\x22\x1e\xb5\xcf\x00\xf0\x12\x80\x89\x99\x7e\
\x6c\xd7\x43\x49\x32\xed\xfd\xbe\xbd\xd5\x5a\x9c\xe9\xc7\x26\x22\
\x19\x5c\x02\x20\x2a\x70\xf1\xa8\x6d\x02\xb8\x0b\xc0\x2d\x00\x54\
\x6f\xbe\xb6\x27\x4b\x00\xfb\xf3\x9b\xea\x4f\x86\xc2\x8c\x70\x2c\
\x91\xec\xf5\x17\x13\x51\xde\x60\x01\x20\x2a\x60\xf1\xa8\x3d\x00\
\xc0\xcf\x00\x9c\xd4\x97\xaf\xef\x4b\x01\x00\x00\xd3\xc0\x27\x3e\
\x43\x4d\x0d\xc7\x12\x6b\xfb\xf4\x00\x44\x24\x8e\x4b\x00\x44\x05\
\x2a\x1e\xb5\x8f\x07\xb0\x12\x7d\x1c\xfc\x0f\x87\xe3\xa2\x26\xe9\
\x78\xaf\x76\xb4\x5a\x5f\xcd\xf5\x73\x13\x51\x66\xb0\x00\x10\x15\
\xa0\x78\xd4\xfe\x1a\x80\x17\x00\x58\x52\x19\x3c\x0f\x66\x97\xe3\
\xfd\x60\x79\xab\xf5\x0b\xa9\x0c\x44\xd4\x77\x5c\x02\x20\x2a\x20\
\xf1\xa8\x5d\x0e\x20\x06\xe0\xa2\x4c\x3c\x5e\x5f\x97\x00\xf6\xe7\
\x33\xd4\x46\xd3\xc0\x31\xe1\x58\x62\x73\x46\x1e\x90\x88\xb2\x8e\
\x33\x00\x44\x05\x22\x1e\xb5\xc7\x00\x78\x11\x19\x1a\xfc\x33\x29\
\xed\x7a\xf5\x29\xc7\x7b\xbb\x23\x62\xcd\x96\xce\x42\x44\x3d\xc3\
\x02\x40\x54\x00\xe2\x51\xfb\x22\x74\x0f\xfe\x63\xa4\xb3\x1c\x8c\
\xeb\x21\x98\x4c\x7b\xbf\x6e\x6f\xb5\x78\x72\x20\x51\x01\xe0\x12\
\x00\x51\x1e\x8b\x47\x6d\x3f\x80\x07\x00\x7c\x2d\x1b\x8f\x9f\xa9\
\x25\x80\xfd\xf9\x0d\xf5\xbf\x86\x81\x29\xe1\x58\x62\x57\x56\x9e\
\x80\x88\x0e\x1b\x67\x00\x88\xf2\x54\x3c\x6a\x5b\x00\xfe\x80\x2c\
\x0d\xfe\xd9\x94\x72\xbd\x09\x69\xc7\x7b\xbf\x23\x62\x1d\x25\x9d\
\x85\x88\x0e\x8c\x05\x80\x28\x0f\xc5\xa3\xf6\x4c\x00\x2b\x00\x4c\
\x91\xce\xd2\x57\x8e\x87\x8a\xa4\xe3\xbd\xd8\xde\x6a\xdd\x20\x9d\
\x85\x88\xfe\x1e\x97\x00\x88\xf2\x48\x3c\x6a\x2b\x00\x37\x03\xf8\
\x16\x00\x33\xdb\xcf\x97\xad\x25\x80\xfd\xf9\x4d\xf5\x3b\x43\xe1\
\xf4\x70\x2c\x91\x9b\x27\x24\xa2\x43\x62\x01\x20\xca\x13\xf1\xa8\
\x5d\x05\xe0\x5f\x00\x9c\x99\xab\xe7\xcc\x55\x01\x00\x00\xd3\xc0\
\x66\x9f\xa1\x8e\x0d\xc7\x12\x6f\xe7\xec\x49\x89\xe8\xa0\xb8\x04\
\x40\x94\x07\xe2\x51\x7b\x22\xba\x6f\xe4\x93\xb3\xc1\x3f\xd7\x1c\
\x17\x03\x53\x8e\xf7\x7a\x47\xc4\x9a\x2b\x9d\x85\x88\x58\x00\x88\
\xc4\xc5\xa3\xf6\x02\x74\xdf\xc2\xb7\x49\x3a\x4b\xb6\xb9\x1e\xfc\
\x5d\x69\xef\xc9\xf6\x56\xeb\x87\xd2\x59\x88\x74\xc7\x25\x00\x22\
\x21\xf1\xa8\x1d\x02\xf0\x28\x80\x56\xa9\x0c\xb9\x5c\x02\xd8\x9f\
\xcf\x50\xaf\x99\x06\x8e\x0d\xc7\x12\x5b\xc5\x42\x10\x69\x8c\x33\
\x00\x44\x02\xe2\x51\xbb\x09\xdd\xef\xfa\xc5\x06\x7f\x69\x69\xd7\
\x6b\x4e\x39\xde\xbb\x1d\x11\xeb\x44\xe9\x2c\x44\x3a\x62\x01\x20\
\xca\xb1\x78\xd4\x3e\x03\xdd\xeb\xfd\x13\xa5\xb3\x48\x73\x3d\x94\
\x24\xd3\xde\xef\xdb\x5b\xad\xc5\xd2\x59\x88\x74\xc3\x25\x00\xa2\
\x1c\x89\x47\x6d\x13\xc0\x5d\x00\x6e\x01\xa0\x84\xe3\x00\x90\x5d\
\x02\xd8\x9f\xdf\x54\x7f\x32\x14\x66\x84\x63\x89\xa4\x74\x16\x22\
\x1d\xb0\x00\x10\xe5\x40\x3c\x6a\x0f\x00\xf0\x33\x00\x27\x49\x67\
\xd9\x57\x3e\x15\x00\x00\x30\x0d\x7c\xe2\x33\xd4\xd4\x70\x2c\xb1\
\x56\x3a\x0b\x51\xb1\xe3\x12\x00\x51\x96\xc5\xa3\xf6\xf1\x00\x56\
\x22\xcf\x06\xff\x7c\xe4\xb8\xa8\x49\x3a\xde\xab\x1d\xad\xd6\x57\
\xa5\xb3\x10\x15\x3b\x16\x00\xa2\x2c\x8a\x47\xed\xaf\x01\x78\x01\
\x80\x25\x9d\xa5\x50\x78\x1e\xcc\x2e\xc7\xfb\xc1\xf2\x56\xeb\x17\
\xd2\x59\x88\x8a\x19\x97\x00\x88\xb2\x20\x1e\xb5\xcb\x01\x3c\x0e\
\xe0\x62\xe9\x2c\x5f\x24\xdf\x96\x00\xf6\xe7\x33\xd4\x46\xd3\xc0\
\x31\xe1\x58\x62\xb3\x74\x16\xa2\x62\xc3\x19\x00\xa2\x0c\x8b\x47\
\xed\x31\x00\x5e\x44\x9e\x0f\xfe\x85\x20\xed\x7a\xf5\x29\xc7\x7b\
\xbb\x23\x62\xcd\x96\xce\x42\x54\x6c\x58\x00\x88\x32\x28\x1e\xb5\
\x2f\x42\xf7\xe0\x3f\x46\x3a\x4b\xb1\x70\x3d\x04\x93\x69\xef\xd7\
\xed\xad\xd6\xc3\xd2\x59\x88\x8a\x09\x97\x00\x0e\xe0\xc4\x79\xf3\
\x0c\x00\xc7\x03\x38\x1b\xc0\x64\x00\x43\xf6\xfc\xaa\x10\x8c\xb5\
\x1d\xc0\xbb\x7b\x7e\xc5\x01\xfc\x1f\x00\x7f\x7e\xe1\xc9\x27\xf3\
\x7b\x0e\x57\x13\xf1\xa8\xed\x07\x70\x3f\x80\x6b\xa4\xb3\xf4\x46\
\xbe\x2f\x01\xec\xcf\x6f\xa8\x97\x0d\x03\x53\xc3\xb1\xc4\x2e\xe9\
\x2c\x44\x85\x8e\x05\x60\x1f\x27\xce\x9b\x17\x02\xb0\x08\xc0\x8d\
\x00\x06\x0a\xc7\xe9\x89\xcd\x00\x1e\x00\xf0\xe8\x0b\x4f\x3e\xd9\
\x29\x1d\x46\x57\xf1\xa8\x6d\x01\x78\x1a\xc0\x14\xe9\x2c\xbd\x55\
\x68\x05\x00\x00\x4c\x85\xed\x3e\x53\xcd\x08\xc7\x12\x2f\x49\x67\
\x21\x2a\x64\x5c\x02\xd8\xe3\xc4\x79\xf3\xce\x05\xb0\x0e\xdd\xef\
\xe2\x0a\x61\xf0\x07\xba\x73\xde\x0f\x60\xdd\x9e\xfc\x94\x63\xf1\
\xa8\x3d\x13\xc0\x0a\x14\xe0\xe0\x5f\xa8\x1c\x0f\x15\x49\xc7\x7b\
\xb1\xbd\xd5\xba\x41\x3a\x0b\x51\x21\xd3\x7e\x06\xe0\xc4\x79\xf3\
\x14\x80\x3b\x00\xdc\x8e\x3c\x39\x9d\xad\x8f\x3c\x74\x9f\x32\xb7\
\xf8\x85\x27\x9f\xd4\xfb\x2f\x35\x07\xe2\x51\x5b\x01\xb8\x19\xc0\
\xb7\x00\x98\xc2\x71\xfa\xac\x10\x67\x00\xf6\xe5\x37\xd5\xef\x0c\
\x85\xd3\xc3\xb1\x44\x61\x7f\x23\x44\x02\xb4\x2e\x00\x7b\x06\xff\
\x9f\x00\xb8\x44\x3a\x4b\x06\xfd\x14\xc0\x65\x2c\x01\xd9\x13\x8f\
\xda\x55\x00\xfe\x05\xc0\x99\xd2\x59\x0e\x57\xa1\x17\x00\x00\x30\
\x0d\x6c\xf6\x19\xea\xd8\x70\x2c\xf1\xb6\x74\x16\xa2\x42\xa2\xfb\
\x12\xc0\x1d\x28\xae\xc1\x1f\xe8\xfe\x7e\xee\x90\x0e\x51\xac\xe2\
\x51\xbb\x05\xdd\x37\xf2\x29\xf8\xc1\xbf\x58\x38\x2e\x06\xa6\x1c\
\xef\xf5\x8e\x88\x75\x91\x74\x16\xa2\x42\xa2\xed\x0c\xc0\x9e\x35\
\xf3\x5f\xa0\xb0\xa7\xfd\x0f\xc6\x03\x70\xfe\x0b\x4f\x3e\xf9\xff\
\x49\x07\x29\x26\xf1\xa8\xbd\x00\xc0\x77\x01\x84\xa4\xb3\x64\x4a\
\x31\xcc\x00\xec\x2b\x60\xaa\x1f\x4d\x5b\x96\x58\x20\x9d\x83\xa8\
\x10\x68\x59\x00\xf6\xec\xf6\x5f\x07\xa0\x5e\x3a\x4b\x16\x6d\x04\
\x30\x8a\x57\x07\x1c\xbe\x78\xd4\x0e\x01\x78\x14\x40\xab\x74\x96\
\x4c\x2b\xb6\x02\x00\x00\x3e\x43\xbd\x66\x1a\x38\x36\x1c\x4b\x6c\
\x95\xce\x42\x94\xcf\x74\x5d\x02\x58\x84\xe2\x1e\xfc\x81\xee\xef\
\x6f\x91\x74\x88\x42\x17\x8f\xda\xc3\x00\xfc\x09\x45\x38\xf8\x17\
\xab\xb4\xeb\x35\xa7\x1c\xef\xdd\x8e\x88\x75\x82\x74\x16\xa2\x7c\
\xa6\xdd\x0c\xc0\x9e\x43\x7e\xde\x45\xe1\x5c\xea\x77\x38\x36\x03\
\x18\xc2\xc3\x82\xfa\x26\x1e\xb5\xcf\x40\xf7\x66\xbf\x6a\xe9\x2c\
\xd9\x52\x8c\x33\x00\x7b\x29\x05\xcf\x6f\xa8\x6f\x4d\x5b\x96\xe0\
\x9e\x18\xa2\x03\xf0\x49\x07\x10\x70\x3c\xf4\x18\xfc\x81\xee\xef\
\xf3\x78\x00\x7f\x94\x0e\x52\x48\xe2\x51\xdb\x40\xf7\xe5\x7d\xb7\
\xa0\x38\xf7\x88\x68\xc1\xf3\xa0\x92\x8e\x77\xfb\xf2\x56\xeb\x64\
\x43\xe1\xc4\x70\x2c\x91\x96\xce\x44\x94\x4f\x74\x5c\x02\x38\x5b\
\x3a\x40\x8e\xe9\xf6\xfd\x1e\x96\x78\xd4\x1e\x00\xe0\x77\x00\xbe\
\x01\x0e\xfe\x45\x21\xe5\x78\x53\xd2\xae\xb7\xb9\x23\x62\x8d\x96\
\xce\x42\x94\x4f\x74\x2c\x00\x93\xa5\x03\xe4\x98\x6e\xdf\x6f\x9f\
\xc5\xa3\xf6\xf1\xe8\x3e\xd5\xef\x24\xe9\x2c\x94\x59\x8e\x8b\x9a\
\xa4\xe3\xbd\xda\xd1\x6a\x7d\x55\x3a\x0b\x51\xbe\xd0\xb1\x00\x0c\
\x91\x0e\x90\x63\xba\x7d\xbf\x7d\x12\x8f\xda\x57\x03\x78\x01\x80\
\x2d\x9d\x85\xb2\xc3\xf3\x60\x76\x39\xde\x0f\x96\xb7\x5a\xcf\x48\
\x67\x21\xca\x07\x3a\xee\x01\xd0\x6d\x40\xd4\xed\xfb\xed\x95\x78\
\xd4\x2e\x07\xf0\x38\x80\x8b\xa5\xb3\x50\x6e\xa4\x1c\x6f\xce\x0b\
\x0b\xac\xb7\x4d\x03\xc7\x84\x63\x89\xcd\xd2\x79\x88\xa4\xe8\x38\
\x03\x20\x79\x4b\x5f\x09\xba\x7d\xbf\x3d\x16\x8f\xda\xa3\x01\xbc\
\x08\x0e\xfe\xda\x49\xbb\x5e\x7d\xca\xf1\xde\xee\x88\x58\xb3\xa4\
\xb3\x10\x49\xd1\xb1\x00\x10\x21\x1e\xb5\x2f\x04\xf0\x17\x00\x63\
\xa4\xb3\x90\x0c\xd7\x43\x30\x99\xf6\x7e\xd3\xde\x6a\x3d\x24\x9d\
\x85\x48\x82\x8e\x4b\x00\xa4\xb1\x78\xd4\xf6\xa3\xfb\x16\xca\xd7\
\x48\x67\x21\x79\x1e\xa0\x92\x8e\x77\xed\xf2\x05\xd6\x74\xc3\xc0\
\xd4\x70\x2c\xb1\x4b\x3a\x13\x51\xae\x70\x06\x80\xb4\x11\x8f\xda\
\x16\x80\x3f\x80\x83\x3f\xed\x27\xe5\x7a\x2d\x69\xc7\x7b\xbf\x23\
\x62\x1d\x25\x9d\x85\x28\x57\x58\x00\x48\x0b\xf1\xa8\x3d\x13\xdd\
\x97\xf8\x4d\x91\xce\x42\xf9\xc9\xf1\x50\x91\x74\xbc\x17\xdb\x5b\
\xad\x1b\xa4\xb3\x10\xe5\x02\x97\x00\xa8\xa8\xc5\xa3\xb6\x02\x70\
\x33\xba\x4f\xf6\x33\x85\xe3\x50\x9e\xf3\x3c\x18\x49\xc7\x7b\x60\
\x79\xab\x75\xaa\xa1\x70\x7a\x38\x96\x28\xde\xb3\x92\x49\x7b\x9c\
\x01\xa0\xa2\x15\x8f\xda\x55\x00\xfe\x0f\x80\x25\xe0\xe0\x4f\xbd\
\x90\x72\xbc\x53\xd3\xae\xf7\x6e\x47\xc4\x6a\x90\xce\x42\x94\x2d\
\x2c\x00\x54\x94\xe2\x51\xbb\x05\xc0\x4b\x00\xce\x94\xce\x42\x85\
\xc9\x71\x31\x30\xe5\x78\xaf\x77\x44\xac\x8b\xa4\xb3\x10\x65\x03\
\x0b\x00\x15\x9d\x78\xd4\xbe\x1c\xc0\x9f\x01\x34\x49\x67\xa1\xc2\
\xe6\x7a\xf0\x77\xa5\xbd\x9f\xb7\xb7\x5a\xcb\xa4\xb3\x10\x65\x1a\
\xf7\x00\x50\xd1\x88\x47\xed\x10\x80\x47\x01\xb4\x4a\x67\xa1\xe2\
\x92\x74\xbc\x05\x2f\x2c\xb0\xc2\xa6\x81\x63\xc3\xb1\xc4\x56\xe9\
\x3c\x44\x99\xc0\x19\x00\x2a\x0a\xf1\xa8\x3d\x0c\xdd\xb7\x3d\xe6\
\xe0\x4f\x59\x91\x76\xbd\xe6\x94\xe3\x25\x3a\x22\xd6\x09\xd2\x59\
\x88\x32\x81\x05\x80\x0a\x5e\x3c\x6a\x9f\x81\xee\xf5\xfe\x49\xd2\
\x59\xa8\xb8\xb9\x1e\x4a\x93\x8e\xf7\x87\xf6\x56\x6b\xb1\x74\x16\
\xa2\xc3\xc5\x25\x00\x2a\x58\xf1\xa8\x6d\x00\xb8\x0b\xc0\x37\x00\
\x28\xe1\x38\xa4\x09\xcf\x83\x4a\x3a\xde\xed\xcb\x5b\xad\x93\x0c\
\x85\xe9\xe1\x58\x22\x2d\x9d\x89\xa8\x2f\x38\x03\x40\x05\x29\x1e\
\xb5\x07\x00\xf8\x1d\x80\x5b\xc1\xc1\x9f\x04\xa4\x1c\x6f\x6a\xda\
\xf5\x36\x77\x44\xac\xd1\xd2\x59\x88\xfa\x82\x05\x80\x0a\x4e\x3c\
\x6a\x1f\x87\xee\x53\xfd\x4e\x92\xce\x42\x7a\x73\x5c\xd4\x24\x1d\
\xef\xd5\x8e\x88\x15\x91\xce\x42\xd4\x5b\x2c\x00\x54\x50\xe2\x51\
\xfb\x6a\x00\xcb\x01\xd8\xd2\x59\x88\x00\xc0\xf3\x60\x76\xa5\xbd\
\xc7\x97\xb7\x5a\xcf\x48\x67\x21\xea\x0d\xee\x01\xa0\x82\x10\x8f\
\xda\x65\x00\x62\x00\x2e\x96\xce\x42\x74\x20\x29\xc7\x9b\xf3\xc2\
\x02\xeb\x6d\xd3\xc0\xd1\xe1\x58\xe2\x03\xe9\x3c\x44\x87\xc2\x19\
\x00\xca\x7b\xf1\xa8\x3d\x1a\xc0\x8b\xe0\xe0\x4f\x79\x2e\xed\x7a\
\xf5\x29\xc7\xdb\xd8\x11\xb1\x66\x49\x67\x21\x3a\x14\x16\x00\xca\
\x6b\xf1\xa8\x7d\x21\x80\xbf\x00\x18\x2b\x9d\x85\xa8\x27\x5c\x0f\
\xc1\x64\xda\xfb\x4d\x7b\xab\xf5\x90\x74\x16\xa2\x2f\xc2\x25\x00\
\xca\x4b\xf1\xa8\xed\x07\x70\x3f\x80\x6b\xa4\xb3\x10\xf5\x96\x07\
\xa8\xa4\xe3\x5d\xbb\x7c\x81\x35\xdd\x30\x30\x35\x1c\x4b\xec\x92\
\xce\x44\xb4\x3f\xce\x00\x50\xde\x89\x47\x6d\x0b\xc0\x1f\xc0\xc1\
\x9f\x0a\x5c\xca\xf5\x5a\xd2\x8e\xf7\x7e\x47\xc4\x3a\x4a\x3a\x0b\
\xd1\xfe\x58\x00\x28\xaf\xc4\xa3\xf6\x4c\x74\x5f\xe2\x37\x45\x3a\
\x0b\x51\x26\x38\x1e\x2a\x92\x8e\xf7\x62\x7b\xab\x75\x83\x74\x16\
\xa2\x7d\x71\x09\x80\xf2\x42\x3c\x6a\x2b\x00\x5f\x07\x70\x37\x00\
\x53\x38\x0e\x51\x46\x79\x1e\x8c\xa4\xe3\x3d\xb0\xbc\xd5\x3a\xc5\
\x50\x98\x15\x8e\x25\x5c\xe9\x4c\x44\x9c\x01\x20\x71\xf1\xa8\x5d\
\x05\xe0\xdf\x01\xfc\x23\x38\xf8\x53\x11\x4b\x39\xde\x69\x8e\xeb\
\x25\x3a\x22\x56\x83\x74\x16\x22\x16\x00\x12\x15\x8f\xda\x2d\xe8\
\xbe\x91\xcf\x59\xd2\x59\x88\x72\x21\xed\x62\x50\xca\xf1\x5e\xef\
\x88\x58\x17\x49\x67\x21\xbd\xb1\x00\x90\x98\x78\xd4\xbe\x1c\xc0\
\x9f\x01\x34\x49\x67\x21\xca\x25\xd7\x83\xbf\x2b\xed\xfd\xbc\xbd\
\xd5\x5a\x26\x9d\x85\xf4\xc5\x3d\x00\x94\x73\xf1\xa8\x1d\x02\xf0\
\x08\x00\x9e\x9f\x2e\xa8\xac\xfe\x08\xec\xda\xf8\x3a\x52\x9d\x9d\
\xd2\x51\xb4\x95\x74\xbc\x05\x2f\x2c\xb0\xa6\x9a\x06\x8e\x0b\xc7\
\x12\x5b\xa5\xf3\x90\x5e\x38\x03\x40\x39\x15\x8f\xda\xc3\x00\xfc\
\x11\x1c\xfc\x45\xf5\x3f\xfe\x3c\x0c\x8f\x3c\x88\x89\x8b\xee\x41\
\xe5\xe0\xa1\xd2\x71\xb4\x96\x76\xbd\x51\x29\xc7\x4b\x74\x44\xac\
\x13\xa4\xb3\x90\x5e\x58\x00\x28\x67\xe2\x51\x7b\x36\xba\xd7\xfb\
\x27\x49\x67\xd1\x95\x11\x28\x41\xc3\xc5\xb7\xc1\x3a\xa3\x0d\xca\
\xf4\xc1\xf0\x05\x30\xf6\xb2\x5b\x60\x1f\x33\x13\x8a\x37\x55\x16\
\xe3\x7a\x28\x4d\x3a\xde\x1f\xda\x5b\xad\x3b\xa5\xb3\x90\x3e\xb8\
\x04\x40\x59\x17\x8f\xda\x06\x80\xbb\x00\x7c\x03\x00\x87\x19\x21\
\xa1\x01\xf5\x68\x98\xbf\x18\xa1\x01\xf5\x7f\xf7\x7b\xf6\xcc\x39\
\xa8\x6c\x1c\x83\xd7\x7e\xf9\x18\xd2\xe9\xb4\x40\x3a\xf2\x3c\xa8\
\xa4\xe3\xdd\xb1\xbc\xd5\x3a\xd9\x50\x98\x1e\x8e\x25\xf8\x17\x41\
\x59\xc5\x19\x00\xca\xaa\x78\xd4\x1e\x00\xe0\x79\x00\xb7\x82\x83\
\xbf\x98\xaa\xf1\xd3\x31\x72\xe1\xf7\x0e\x38\xf8\xef\x55\xd9\x74\
\x04\x26\x2c\xbc\x1b\xa5\x55\x35\x39\x4c\x46\xfb\x4b\x39\xde\xd4\
\xb4\xeb\x6d\xee\x88\x58\xa3\xa5\xb3\x50\x71\x63\x01\xa0\xac\x89\
\x47\xed\xe3\xd0\x7d\xaa\xdf\xc9\xd2\x59\x74\xa5\x4c\x1f\xac\xd9\
\x6d\x68\xb8\xf8\x36\x18\x81\x92\x43\x7e\xbe\xbf\xb4\x12\x47\x46\
\xef\x46\xdd\x18\xae\xd2\x48\x72\x5c\xd4\x24\x1d\xef\xd5\x8e\x88\
\xc5\xbd\x32\x94\x35\x2c\x00\x94\x15\xf1\xa8\x7d\x35\x80\xe5\x00\
\x6c\xe9\x2c\xba\xf2\x57\xd6\x62\x78\xe4\x41\xf4\x9f\x72\x5e\xaf\
\xbf\xb6\xe9\xec\x08\x46\xcc\x9a\x0f\xc3\xe0\x4b\x84\x14\xcf\x83\
\xd9\x95\xf6\x1e\x5f\xde\x6a\x3d\x23\x9d\x85\x8a\x13\xf7\x00\x50\
\x46\xc5\xa3\x76\x19\x80\xc7\x01\xcc\x95\xce\xa2\xb3\xf2\xa6\x16\
\x34\x5c\x7c\x1b\x7c\x65\x55\x7d\x7e\x8c\xfe\x47\x4e\x45\x85\x3d\
\x02\xab\x9f\x78\x00\x5d\xbb\x76\x66\x30\x1d\xf5\x46\xca\xf1\xe6\
\xbc\xb0\xc0\x7a\xcb\x34\x70\x4c\x38\x96\xf8\x40\x3a\x0f\x15\x0f\
\xd6\x7b\xca\x98\x78\xd4\x1e\x0d\xe0\x45\x70\xf0\x97\xa3\x14\xea\
\x4e\x9c\x8b\xa6\xcb\xef\x3f\xac\xc1\x7f\xaf\x60\xcd\x40\x4c\x5c\
\x74\x2f\xaa\xeb\x87\x67\x20\x1c\xf5\x55\xda\xf5\x1a\x52\x8e\xb7\
\xb1\x23\x62\xcd\x92\xce\x42\xc5\x83\x05\x80\x32\x22\x1e\xb5\x2f\
\x04\xf0\x17\x00\x63\xa5\xb3\xe8\xca\x0c\x95\xa1\x71\xfe\x62\x0c\
\x3e\x35\x02\x95\xc9\xa9\x7b\xc3\xc0\xa8\x79\x37\xa0\x61\xda\x2c\
\x28\x5e\x2b\x28\xc6\xf5\x10\x4c\xa6\xbd\xdf\xb4\xb7\x5a\x0f\x49\
\x67\xa1\xe2\xc0\x25\x00\x3a\x2c\xf1\xa8\xed\x07\x70\x1f\x80\x6b\
\xa5\xb3\xe8\xac\x64\xf0\x70\x34\xce\xbb\x13\x81\x9a\x21\x59\x7b\
\x8e\xc1\x53\xcf\x40\x45\xc3\x68\xac\x7d\xfa\x51\xa4\x93\xc9\xac\
\x3d\x0f\x1d\x9c\x07\xa8\xa4\xe3\x5d\xbb\x7c\x81\x75\xa2\x61\x20\
\x1c\x8e\x25\x76\x49\x67\xa2\xc2\xc5\x19\x00\xea\xb3\x78\xd4\x1e\
\x02\xe0\xf7\xe0\xe0\x2f\xaa\x66\xd2\xa9\x18\x71\xe5\x23\x59\x1d\
\xfc\xf7\x2a\xb7\x47\x60\xe2\xc2\x25\x28\xef\x3f\x30\xeb\xcf\x45\
\x07\x97\x72\xbd\x89\x69\xd7\x7b\xaf\x23\x62\x4d\x94\xce\x42\x85\
\x8b\x05\x80\xfa\x24\x1e\xb5\x67\x00\x58\x09\x60\xaa\x74\x16\x5d\
\x29\x9f\x1f\xf6\x39\xd7\x61\xe8\xf9\x5f\x87\xe1\x0f\xe6\xec\x79\
\xcd\x50\x29\xc6\x45\xee\xc0\xe0\x96\x29\x3c\xd8\x41\x90\xe3\xa2\
\x32\xe9\x78\xf1\xf6\x56\xeb\x3a\xe9\x2c\x54\x98\xb8\x04\x40\xbd\
\x12\x8f\xda\x0a\xc0\xd7\x01\xdc\x0d\xc0\x14\x8e\xa3\xad\x40\xd5\
\x40\x34\xcc\xbb\x03\xa5\xd6\x28\xb1\x0c\x0d\x5f\xfa\x32\x2a\x1b\
\xc7\x60\xfd\xaf\x7f\x0c\xc7\x71\xc4\x72\xe8\xcc\xf3\x60\x24\x1d\
\xef\xc1\xe5\xad\xd6\x69\x86\xc2\xac\x70\x2c\xe1\x4a\x67\xa2\xc2\
\xc1\x19\x00\xea\xb1\x78\xd4\xae\x02\xf0\xef\x00\xfe\x11\x1c\xfc\
\xc5\x54\x34\x1f\x83\xe6\x45\x8f\x89\x0e\xfe\x7b\x55\x8f\x3e\x0a\
\x13\xae\x5c\x8c\x50\x45\xa5\x74\x14\xad\xa5\x1c\xef\x34\xc7\xf5\
\x12\x1d\x11\xab\x41\x3a\x0b\x15\x0e\x16\x00\xea\x91\x78\xd4\x6e\
\x01\x10\x07\x70\x96\x74\x16\x6d\x29\x85\x41\x27\x7d\x05\x4d\x97\
\x2e\x81\x59\x52\x21\x9d\xe6\x6f\x02\x95\x35\x68\x69\x5b\x82\xda\
\xe1\xbc\x00\x44\x52\xda\xc5\xa0\x94\xe3\xbd\xde\x11\xb1\x2e\x92\
\xce\x42\x85\x81\x05\x80\x0e\x29\x1e\xb5\x2f\x07\xf0\x27\x00\xbc\
\x18\x5c\x88\xaf\xb4\x12\x4d\x97\xfd\x23\x06\xce\xbc\x04\xf9\x79\
\xdb\x3e\x03\x23\x2f\x58\x84\x61\x27\x9d\x0f\xc3\xc8\xc7\x7c\x7a\
\x70\x3d\xf8\x93\x69\xef\xe7\xed\xad\xd6\x32\xe9\x2c\x94\xff\xb8\
\x07\x80\x0e\x2a\x1e\xb5\x43\x00\x1e\x01\xc0\xf3\xc8\x05\x95\xda\
\xa3\xd0\x30\xf7\x4e\x04\xaa\xea\xa4\xa3\x1c\xd2\xc0\xa3\x4f\x42\
\x45\xfd\x48\xac\xf9\xd9\xc3\x48\x75\x76\x4a\xc7\xd1\x92\x07\x20\
\xe9\x78\x0b\x5e\x58\x60\x4d\x35\x0d\x1c\x17\x8e\x25\xb6\x4a\x67\
\xa2\xfc\xc4\x19\x00\x3a\xa0\x78\xd4\x1e\x06\xe0\x8f\xe0\xe0\x2f\
\xaa\xf6\x98\x33\x31\xe2\x8a\x7f\x2e\x88\xc1\x7f\xaf\xd2\x81\xf5\
\x98\xb8\xe8\x1e\x54\x0e\x1e\x2a\x1d\x45\x6b\x69\xd7\x1b\x95\x72\
\xbc\x44\x47\xc4\x3a\x41\x3a\x0b\xe5\x27\x16\x00\xfa\x3b\xf1\xa8\
\x3d\x1b\xc0\x4b\x00\x78\x4b\x38\x21\x86\x3f\x88\xfa\x39\x37\xc3\
\x3e\xfb\x5a\x28\xb3\xf0\x26\xea\x0c\x5f\x00\x63\x2f\xbb\x05\xf6\
\x31\x33\xf3\x73\xc5\x42\x13\xae\x87\xd2\xa4\xe3\xfd\xa1\xbd\xd5\
\xba\x53\x3a\x0b\xe5\x9f\xc2\x7b\x65\xa1\xac\x89\x47\x6d\x03\xc0\
\x5d\x00\xbe\x01\xf0\x12\x6f\x29\xc1\x5a\x0b\x8d\xf3\x17\x23\x34\
\x70\x98\x74\x94\xc3\x66\xcf\x9c\x83\xca\xc6\x31\x78\xed\x97\x8f\
\x21\x9d\x4e\x4b\xc7\xd1\x92\xe7\x41\x25\x1d\xef\x8e\xe5\xad\xd6\
\xc9\x86\xc2\xf4\x70\x2c\xc1\xbf\x08\x02\xc0\x19\x00\xda\x23\x1e\
\xb5\x07\x00\x78\x1e\xc0\xad\xe0\xe0\x2f\xa6\xdf\xd8\x30\x46\xb6\
\x2d\x2d\x8a\xc1\x7f\xaf\xca\xa6\x23\xd0\xb2\x70\x09\x4a\xab\x6a\
\xa4\xa3\x68\x2d\xe5\x78\x53\xd3\xae\xb7\xb9\x23\x62\x8d\x96\xce\
\x42\xf9\x81\x05\x80\x10\x8f\xda\xc7\x01\x58\x01\xe0\x64\xe9\x2c\
\xba\x52\x86\x81\xc1\x5f\xba\x02\x8d\xf3\x17\xc3\x0c\x96\x4a\xc7\
\xc9\x38\x5f\x69\x39\x8e\x8c\xde\x8d\xba\x31\x5c\x55\x92\xe4\xb8\
\xa8\x49\x3a\xde\xab\x1d\x11\x8b\x7b\x7b\x88\x05\x40\x77\xf1\xa8\
\xbd\x08\xc0\x72\x00\xb6\x74\x16\x5d\xf9\xca\xab\xd1\xb4\xe0\x01\
\xd4\x4d\x2b\xfe\xcb\xb7\x9b\xce\x8e\x60\xe4\xac\xf9\x30\x32\x79\
\xb7\x42\xea\x15\xcf\x83\xd9\x95\xf6\x1e\x5f\xde\x6a\x3d\x2d\x9d\
\x85\x64\x71\x0f\x80\xa6\xe2\x51\xbb\x0c\xc0\xe3\x00\xe6\x4a\x67\
\xd1\x59\x59\xc3\x38\x34\xcc\xbd\x1d\xfe\x8a\x5a\xe9\x28\x39\x53\
\x7b\xe4\x54\x94\xdb\x23\xb0\xfa\x89\x07\xd0\xb5\x6b\xa7\x74\x1c\
\x6d\xa5\x1c\xef\x82\x17\x16\x58\x6f\x99\x06\x8e\x09\xc7\x12\x1f\
\x48\xe7\xa1\xdc\x63\x0d\xd7\x50\x3c\x6a\x8f\x06\xf0\x22\x38\xf8\
\x8b\x1a\x30\x75\x0e\x86\x47\x1e\xd4\x6a\xf0\xdf\x2b\x58\x33\x10\
\x13\x17\xdd\x8b\xea\x7a\x9e\x2d\x25\x29\xed\x7a\x0d\x29\xc7\xdb\
\xd8\x11\xb1\x66\x49\x67\xa1\xdc\x63\x01\xd0\x4c\x3c\x6a\x5f\x00\
\xe0\x2f\x00\x78\x6e\xab\x10\x23\x58\x8a\xc6\xb9\x77\x60\xc8\xac\
\xab\xa0\x0c\x8d\x6f\xa9\x60\x18\x18\x35\xef\x06\x34\x4c\x9b\x0d\
\xc5\x6b\x05\xc5\xb8\x1e\x82\xc9\xb4\xf7\x9b\xf6\x56\xeb\x41\xe9\
\x2c\x94\x5b\x5c\x02\xd0\x44\x3c\x6a\xfb\x01\xdc\x07\xe0\x5a\xe9\
\x2c\x3a\x0b\xd5\x35\xa2\x71\xfe\x9d\x08\xf6\xe7\x21\x39\x7b\x0d\
\x9e\x3a\x1b\x15\x0d\xa3\xb0\xee\xe9\x47\x91\x4a\x26\xa5\xe3\x68\
\xc9\x03\x54\xd2\xf1\xae\x5b\xbe\xc0\x9a\x6e\x18\x08\x87\x63\x89\
\x5d\xd2\x99\x28\xfb\x38\x03\xa0\x81\x78\xd4\x1e\x02\xe0\xf7\xe0\
\xe0\x2f\xaa\xea\xc8\x99\x18\x79\xd5\x77\x39\xf8\x1f\x40\xb9\x3d\
\x02\x2d\x0b\x97\xa0\xbc\xff\x20\xe9\x28\x5a\x4b\xb9\xde\xc4\xb4\
\xeb\xbd\xd7\x11\xb1\x26\x4a\x67\xa1\xec\x63\x01\x28\x72\x23\x7c\
\x5b\x01\x60\x25\x80\xa9\xc2\x51\xb4\xa5\x4c\x1f\xac\x33\xaf\x46\
\xc3\x45\xb7\xc2\x08\x84\xa4\xe3\xe4\x2d\x33\x54\x8a\x71\x91\xdb\
\x31\xb8\x65\x0a\x0f\xa2\x10\xe4\xb8\xa8\x4c\x3a\x5e\xbc\xbd\xd5\
\xba\x4e\x3a\x0b\x65\x97\xf2\x3c\x4f\x3a\x43\x4e\x9d\x38\x6f\x9e\
\x16\xdf\xb0\x02\x30\x23\xf8\x0e\x4e\x0f\xbe\x05\x03\x5a\x7c\xcb\
\x79\xc9\xdf\x6f\x00\x1a\xe7\xde\x8e\xd2\xa1\xf9\xb9\xe5\x22\xf9\
\xe1\x1a\xe9\x08\x07\xb4\x65\xed\x4b\x58\xff\xeb\x1f\xc3\x71\x1c\
\xe9\x28\x5a\xf3\x9b\xea\x79\x43\x61\x56\x38\x96\x70\xa5\xb3\x50\
\xe6\x71\x06\xa0\x08\x85\x54\x1a\x97\x97\xae\xc2\xec\xe0\x9b\x1c\
\xfc\x05\x55\x0c\x9f\x84\xe6\xb6\xa5\x79\x3b\xf8\xe7\xb3\xea\xd1\
\x47\x61\xc2\x95\x8b\x51\x52\x51\x29\x1d\x45\x6b\x29\xc7\x3b\xcd\
\x71\xbd\x44\x47\xc4\xe2\xba\x55\x11\x62\x01\x28\x32\x43\xcc\x9d\
\xb8\xbe\x6c\x25\x8e\xf0\x7d\x2c\x1d\x45\x5f\x4a\x61\xe0\xf4\xf9\
\x68\xba\xfc\x3e\xf8\xca\xaa\xa4\xd3\x14\xac\x40\x65\x0d\x26\xb4\
\x2d\x41\xff\xe1\x2c\x50\x92\xd2\x2e\x06\xa5\x1c\x6f\x43\x47\xc4\
\xba\x40\x3a\x0b\x65\x16\x0b\x40\x11\x39\xda\xbf\x19\x5f\x2b\x5b\
\x89\x5a\x63\xb7\x74\x14\x6d\x99\xa1\x72\x0c\xfb\xf2\xdd\x18\x74\
\xca\x02\xf0\x36\x78\x99\x60\x60\xc4\x05\x8b\x30\xec\xa4\xf3\x61\
\x18\xfc\xf3\x94\xe2\x7a\xf0\x27\xd3\xde\xd3\xed\xad\x56\x4c\x3a\
\x0b\x65\x0e\xf7\x00\x14\x01\x1f\x5c\x9c\x57\xb2\x1e\xc7\xfa\xdf\
\x97\x8e\xa2\xb5\x92\x21\x23\xd0\x38\xf7\x4e\x04\x6a\x06\x4b\x47\
\xe9\xb1\x7c\xdd\x03\x70\x20\xbb\x36\x6f\xc4\x9a\x9f\x3d\x8c\x54\
\x67\xa7\x74\x14\xad\xf9\x0c\xb5\x6e\xcf\xe9\x81\xdb\xa4\xb3\xd0\
\xe1\xe1\x0c\x40\x81\xab\x31\x3a\x71\x75\xd9\xcb\x1c\xfc\x85\xd5\
\x1c\x75\x3a\x46\x5e\xf9\x48\x41\x0d\xfe\x85\xa6\x74\x60\x3d\x26\
\x2e\xba\x07\x95\x83\xb9\x1c\x2d\x29\xed\x7a\xa3\x52\x8e\xf7\x5e\
\x47\xc4\x3a\x41\x3a\x0b\x1d\x1e\x16\x80\x02\x36\xc6\xf7\x09\xae\
\x2f\x5b\x01\xdb\xdc\x21\x1d\x45\x5b\xca\x17\xc0\xd0\x73\x6f\xc4\
\xd0\xf3\x6e\x84\xf2\x05\xa4\xe3\x14\x3d\xc3\x17\xc0\xd8\xcb\x6e\
\x81\x7d\xcc\x4c\xae\xb0\x08\x72\x3d\x94\x26\x1d\xef\x0f\xed\xad\
\xd6\x9d\xd2\x59\xa8\xef\xb8\x04\x50\x80\x14\x80\xd3\x82\x6f\xe1\
\xe4\xe0\x46\x5e\x2f\x2d\x28\x50\x3d\x08\x8d\xf3\x16\xa3\x64\xc8\
\x08\xe9\x28\x7d\x56\x48\x4b\x00\xfb\xdb\xf6\xc6\x2a\xbc\xf6\xcb\
\xc7\x90\x4e\xa7\xa5\xa3\x68\xcd\x6f\xaa\x0e\x43\x61\x46\x38\x96\
\xe0\x5f\x44\x81\xe1\x0c\x40\x81\x29\x53\x29\x5c\x51\xfa\x0a\x4e\
\xe1\xe0\x2f\xaa\x72\xd4\x71\x68\x6e\x5b\x5a\xd0\x83\x7f\xa1\xab\
\x6c\x3a\x02\x2d\x0b\x97\xa0\xb4\xaa\x46\x3a\x8a\xd6\x52\x8e\x17\
\x4e\xbb\xde\xe6\x8e\x88\xd5\x2c\x9d\x85\x7a\x87\x05\xa0\x80\x34\
\x98\xdb\x70\x43\xd9\x0a\x34\xfb\xb6\x48\x47\xd1\x97\x52\x18\x74\
\xca\x02\x0c\xbb\xe4\x6e\x98\x25\x15\xd2\x69\xb4\xe7\x2b\x2d\xc7\
\x91\xd1\xbb\x51\x37\x66\x92\x74\x14\xad\x39\x2e\x6a\x92\x8e\xb7\
\xba\x23\x62\x45\xa4\xb3\x50\xcf\xb1\x00\x14\x88\x70\xe0\x5d\xb4\
\x95\xfd\x2f\xfa\x19\x5d\xd2\x51\xb4\xe5\x2b\xed\x87\xa6\xcb\xef\
\xc3\xc0\xe9\xf3\x79\x89\x5f\x9e\x69\x3a\x3b\x82\x91\xb3\xe6\xc3\
\x30\xf8\x92\x26\xc5\xf3\x60\x76\xa5\xbd\xc7\x97\xb7\x5a\x4f\x4b\
\x67\xa1\x9e\xe1\x1e\x80\x3c\x17\x50\x0e\x2e\x0c\xbd\x8e\x89\xfe\
\x0f\xa4\xa3\x68\xad\x74\xe8\x58\x34\xce\xbd\x1d\xfe\x7e\x03\xa4\
\xa3\x64\x54\x21\xef\x01\x38\x90\xae\x4f\x36\x63\xf5\x13\x0f\xa0\
\x6b\xd7\x4e\xe9\x28\x5a\xf3\x19\xea\xed\x3d\x97\x0a\xf2\x85\x2b\
\x8f\xb1\x2e\xe7\xb1\x3a\x63\x17\xae\x2d\x5b\xc9\xc1\x5f\x58\xff\
\xe3\xce\xc6\x88\xaf\x3e\x54\x74\x83\x7f\x31\x0a\xd6\x0c\xc4\xc4\
\x45\xf7\xa2\xba\x7e\xb8\x74\x14\xad\xa5\x5d\xaf\x21\xe5\x78\x1b\
\x3b\x22\xd6\x2c\xe9\x2c\x74\x70\x2c\x00\x79\x6a\x82\xff\x43\x5c\
\x5b\xb6\x12\x03\x0d\xde\x96\x5b\x8a\x11\x08\xa1\xfe\xc2\x6f\xc0\
\x3a\xf3\x6b\x50\xa6\x4f\x3a\x0e\xf5\x94\x61\x60\xd4\xbc\x1b\xd0\
\x30\x6d\x36\x14\x97\x6a\xc4\xb8\x1e\x82\xc9\xb4\xf7\x9b\xf6\x56\
\xeb\x41\xe9\x2c\x74\x60\x5c\x02\xc8\x33\x06\x3c\x9c\x19\x7a\x03\
\x27\x04\x12\xd2\x51\xb4\x16\xec\x3f\x14\x8d\xf3\xef\x44\xa8\xae\
\x51\x3a\x4a\x56\x15\xdb\x12\xc0\xfe\x76\x6c\x5a\x8f\x75\x4f\x3f\
\x8a\x54\x32\x29\x1d\x45\x6b\x7e\x43\xad\x34\x0c\x4c\x09\xc7\x12\
\x3c\xc6\x31\x8f\x70\x06\x20\x8f\x54\xaa\x24\x16\x96\xfd\x2f\x07\
\x7f\x61\xfd\xc6\x9d\x80\xe6\x85\xdf\x2b\xfa\xc1\x5f\x07\xe5\xf6\
\x08\xb4\x2c\x5c\x82\xf2\xfe\x83\xa4\xa3\x68\x2d\xe5\x7a\x13\xf7\
\x5c\x2a\x38\x51\x3a\x0b\x7d\x86\x05\x20\x4f\x8c\xf0\x6d\xc5\x0d\
\xe5\x2f\x61\x98\xc9\xe3\xb5\xa5\x28\xc3\xc4\x90\x59\x57\xa1\x71\
\xee\x1d\x30\x82\xa5\xd2\x71\x28\x43\xcc\x50\x29\xc6\x45\x6e\xc7\
\xe0\x96\x29\x3c\x3b\x43\x90\xe3\xa2\x32\xe9\x78\xf1\xf6\x56\xeb\
\x3a\xe9\x2c\xd4\x8d\x4b\x00\xc2\x14\x80\x19\xc1\x77\x70\x7a\xf0\
\x2d\x18\xc8\xab\x68\x5a\xf1\x57\xd4\xa2\xe1\xe2\xdb\x50\xd6\x38\
\x5e\x3a\x4a\x4e\x15\xfb\x12\xc0\xfe\xb6\xac\x7d\x09\xeb\x7f\xfd\
\x63\x38\x8e\x23\x1d\x45\x6b\x7e\x53\xfd\xd6\x50\x38\x23\x1c\x4b\
\xb8\xd2\x59\x74\xc6\x19\x00\x41\x21\x95\xc6\x57\x4a\x57\x61\x76\
\xf0\x4d\x0e\xfe\x82\xca\x87\x4d\x40\x73\xdb\x52\xed\x06\x7f\x1d\
\x55\x8f\x3e\x0a\x13\xae\x5c\x8c\x92\x8a\x4a\xe9\x28\x5a\x4b\x39\
\xde\xe9\x8e\xeb\x25\x3a\x22\x16\xef\xec\x24\x88\x05\x40\xc8\x10\
\x73\x27\xae\x2f\x5b\x89\x71\xbe\x8f\xa5\xa3\x68\xad\x6e\xda\x45\
\x68\x5a\x70\x3f\x7c\x15\x3c\x4e\x56\x17\x81\xca\x1a\x4c\x68\x5b\
\x82\xfe\xc3\xc7\x4a\x47\xd1\x5a\xda\xc5\xa0\x94\xe3\x6d\xe8\x88\
\x58\x17\x48\x67\xd1\x15\x0b\x80\x80\xa3\xfd\x9b\xf1\xb5\xb2\x95\
\xa8\x35\x76\x4b\x47\xd1\x96\x19\x2c\x45\xe3\xfc\xc5\x18\xfc\xa5\
\x2b\xa0\x0c\x53\x3a\x0e\xe5\x9c\x81\x11\x17\x2c\x42\xd3\xc9\xe7\
\xc3\x30\xb8\x33\x40\x8a\xeb\xc1\x9f\x4c\x7b\x4f\xb7\xb7\x5a\x31\
\xe9\x2c\x3a\xe2\x1e\x80\x1c\xf2\xc1\xc5\xb9\xa1\x0d\x38\x2e\xf0\
\x9e\x54\x04\x02\x10\x1a\x38\x0c\x8d\xf3\x17\x23\x58\x6b\x49\x47\
\x11\xa7\xdb\x1e\x80\x03\xd9\xfd\xc1\x3b\x58\xf3\xe4\x43\x48\x76\
\xf2\x0a\x35\x49\x3e\x43\xad\x35\x0d\x1c\x1b\x8e\x25\xb8\x13\x3a\
\x47\x38\x03\x90\x23\x35\x46\x27\xae\x2e\x7b\x99\x83\xbf\xb0\xea\
\x96\x93\x31\xf2\xaa\xef\x72\xf0\xa7\xbf\x29\xa9\x1b\x8a\x96\x45\
\xf7\xa0\x72\x30\x97\xa3\x25\xa5\x5d\x6f\x74\xca\xf1\xde\xeb\x88\
\x58\x61\xe9\x2c\xba\x60\x01\xc8\x81\x31\xbe\x4f\x70\x7d\xd9\x0a\
\xd8\xe6\x0e\xe9\x28\xda\x52\xa6\x0f\xf6\x59\xd7\xa0\xfe\x82\x5b\
\x60\xf8\x83\xd2\x71\x28\xcf\x18\xbe\x00\xc6\x5e\x76\x0b\xec\x63\
\x66\xf2\x3e\x4f\x82\x5c\x0f\xa5\x49\xc7\x5b\xde\xde\x6a\xdd\x21\
\x9d\x45\x07\x5c\x02\xc8\x22\x05\xe0\xb4\xe0\x5b\x38\x39\xb8\x91\
\xd7\x1f\x0b\x0a\x54\xd5\xa1\x61\xee\x1d\x28\xb5\x47\x4b\x47\xc9\
\x3b\x5c\x02\xf8\x7b\xdb\xde\x58\x85\xd7\x7e\xf9\x18\xd2\xe9\xb4\
\x74\x14\xad\xf9\x4d\xd5\x61\x28\xcc\x08\xc7\x12\xfc\x8b\xc8\x12\
\xce\x00\x64\x49\x99\x4a\xe1\x8a\xd2\x57\x70\x0a\x07\x7f\x51\x15\
\x23\x27\x63\x64\xdb\x63\x1c\xfc\xa9\xc7\x2a\x9b\x8e\x40\xcb\xc2\
\x25\x28\xad\xaa\x95\x8e\xa2\xb5\x94\xe3\x85\xd3\xae\xf7\x7e\x47\
\xc4\x6a\x96\xce\x52\xac\x58\x00\xb2\xa0\xde\xdc\x8e\xeb\xcb\x56\
\xa0\xd9\xb7\x45\x3a\x8a\xbe\x94\xc2\xc0\x99\x97\xa0\xe9\xb2\x7b\
\xe0\x2b\xe5\x35\xdf\xd4\x3b\xbe\xd2\x72\x1c\x19\xfd\x16\xea\xc6\
\x4e\x92\x8e\xa2\x35\xc7\x45\x6d\xca\xf1\x56\x77\x44\xac\x05\xd2\
\x59\x8a\x11\x0b\x40\x86\x85\x03\xef\x62\x51\xd9\xcb\xa8\x32\xba\
\xa4\xa3\x68\xcb\x2c\xa9\x40\xd3\xa5\x4b\x30\xe8\xa4\xaf\x80\x0b\
\xba\x74\x38\x9a\xce\x8a\x60\xe4\xac\xf9\x30\x0c\xbe\x54\x4a\x71\
\x3d\x98\x5d\x69\x6f\xd9\xf2\x56\xeb\x69\xe9\x2c\xc5\x86\x7b\x00\
\x32\x24\xa0\x1c\x5c\x18\x7a\x1d\x13\xfd\x1f\x64\xe3\xe1\xa9\x87\
\x4a\xac\x66\x34\xce\xbd\x03\x81\x6a\xde\xfc\xa5\x27\xb8\x07\xa0\
\x67\xba\x3e\xd9\x8c\xd5\x4f\x3c\x80\xae\x5d\x3b\xa5\xa3\x68\xcd\
\x67\xa8\xb7\x4d\x03\xc7\x84\x63\x09\xbe\xd0\x66\x00\x6b\x6d\x06\
\xd4\x19\xbb\x71\x4d\xd9\x4a\x0e\xfe\xc2\x6a\x8f\x9e\x8d\x91\x57\
\xfc\x33\x07\x7f\xca\xb8\x60\xcd\x40\x4c\x5c\x74\x2f\xaa\xeb\x87\
\x4b\x47\xd1\x5a\xda\xf5\x1a\x52\x8e\xb7\xb1\x23\x62\x7d\x49\x3a\
\x4b\x31\x60\x01\x38\x4c\x13\xfc\x1f\xe2\xda\xb2\x15\x18\x64\xec\
\x92\x8e\xa2\x2d\xc3\x1f\xc4\xd0\xf3\x6f\x82\x7d\xce\xf5\x50\x3e\
\xbf\x74\x1c\x2a\x56\x86\x81\x51\xf3\x6e\x40\xc3\xb4\xd9\x50\x5c\
\x5a\x12\xe3\x7a\x08\x26\xd3\xde\xb3\xed\xad\xd6\x83\xd2\x59\x0a\
\x1d\x97\x00\xfa\xc8\x80\x87\x33\x43\x6f\xe0\x84\x40\x22\x13\x0f\
\x47\x7d\x14\xa8\x19\x82\xc6\x79\x77\xa2\x64\x30\xdf\x99\xf5\x05\
\x97\x00\xfa\x66\xc7\xa6\xf5\x58\xf7\xf4\xa3\x48\x25\x93\xd2\x51\
\xb4\xe6\x37\xd4\x0a\xc3\xc0\xd4\x70\x2c\xc1\x63\x1c\xfb\x80\x33\
\x00\x7d\x50\xa9\x92\x58\x58\xf6\xbf\x1c\xfc\x85\x55\x8e\x99\x82\
\xe6\xb6\xa5\x1c\xfc\x29\xe7\xca\xed\x11\x68\x59\xb8\x04\xe5\xfd\
\xb9\xdc\x24\x29\xe5\x7a\x93\xd2\xae\xb7\xb9\x23\x62\x4d\x94\xce\
\x52\x88\x58\x00\x7a\x69\xb8\x6f\x2b\xae\x2f\x5f\x81\x61\x26\x8f\
\xab\x96\xa2\x0c\x03\x83\x4f\x8d\x60\xd8\xfc\xbb\x60\x86\xca\xa4\
\xe3\x90\xa6\xcc\x50\x29\xc6\x45\x6e\xc7\xe0\x96\x29\x3c\xeb\x43\
\x90\xe3\xa2\x32\xe9\x78\xf1\xf6\x56\xeb\x5a\xe9\x2c\x85\x86\x4b\
\x00\x3d\xa4\x00\xcc\x08\xbe\x83\xd3\x83\x6f\xc1\x80\x5e\x7f\x66\
\xf9\xc4\x57\x56\x85\x86\x8b\xbf\x89\xf2\x26\x16\xfe\x4c\xe0\x12\
\x40\x66\x6c\x59\xb7\x02\xeb\x7f\xf5\x23\x38\x8e\x23\x1d\x45\x6b\
\x7e\x53\xfd\xd6\x50\x38\x23\x1c\x4b\xb8\xd2\x59\x0a\x01\x67\x00\
\x7a\x20\xa4\xd2\xf8\x4a\xe9\x2a\xcc\x0e\xbe\xc9\xc1\x5f\x50\x59\
\xfd\x11\x68\x5e\xf4\x18\x07\x7f\xca\x3b\xd5\xa3\x26\x61\xc2\x95\
\x8b\x51\x52\xc1\x43\xa7\x24\xa5\x1c\xef\x74\xc7\xf5\x12\x1d\x11\
\x8b\x77\x76\xea\x01\x16\x80\x43\x18\x62\xee\xc4\xf5\x65\x2b\x31\
\xce\xf7\xb1\x74\x14\xad\xf5\x9f\x72\x1e\x86\x47\x1e\x84\xbf\xb2\
\xbf\x74\x14\xa2\x03\x0a\x54\xd6\x60\x42\xdb\x12\xf4\x1f\x3e\x56\
\x3a\x8a\xd6\xd2\x2e\x06\xa5\x1c\x6f\x43\x47\xc4\xba\x40\x3a\x4b\
\xbe\x63\x01\xf8\x02\x47\xfb\x37\xe3\x6b\x65\x2b\x51\x6b\xec\x96\
\x8e\xa2\x2d\x23\x50\x82\x86\x8b\x6f\x83\x35\xbb\x0d\xca\xf4\x49\
\xc7\x21\x3a\x04\x03\x23\x2e\x58\x84\xa6\x93\xcf\x87\x61\x70\x67\
\x80\x14\xd7\x83\x3f\x99\xf6\x9e\x6e\x6f\xb5\x62\xd2\x59\xf2\x19\
\xf7\x00\x1c\x80\x0f\x2e\xce\x0d\x6d\xc0\x71\x81\xf7\x72\x11\x89\
\x0e\x22\x34\xa0\x1e\x0d\xf3\x17\x23\x34\xa0\x5e\x3a\x4a\xd1\xe2\
\x1e\x80\xec\xd9\xfd\xc1\x3b\x58\xf3\xe4\x43\x48\x76\xf2\x0a\x35\
\x49\x3e\x43\xad\x35\x0d\x1c\x1b\x8e\x25\xb8\x73\x7b\x3f\x9c\x01\
\xd8\x4f\x8d\xd1\x89\xab\xcb\x5e\xe6\xe0\x2f\xac\x6a\xfc\x74\x8c\
\x5c\xf8\x3d\x0e\xfe\x54\xb0\x4a\xea\x86\xa2\x65\xd1\x3d\xa8\x1c\
\xcc\xe5\x68\x49\x69\xd7\x1b\x9d\x76\xbc\xf7\x3a\x22\x56\x58\x3a\
\x4b\xbe\x61\x01\xd8\xc7\x18\xdf\x27\xb8\xbe\x6c\x05\x6c\x73\x87\
\x74\x14\x6d\x29\xd3\x07\x6b\x76\x1b\x1a\x2e\xbe\x0d\x46\xa0\x44\
\x3a\x0e\xd1\x61\x31\x7c\x01\x8c\xbd\xec\x16\xd8\xc7\x9e\xc4\xd3\
\x03\x05\x39\x1e\x4a\x93\x8e\xb7\xbc\xbd\xd5\xba\x43\x3a\x4b\x3e\
\xe1\x12\x00\xba\x2f\xf1\x3b\x2d\xf8\x16\x4e\x0e\x6e\xe4\xf5\xbc\
\x82\xfc\x95\xb5\x68\x98\x7b\x07\xca\xea\x8f\x90\x8e\xa2\x0d\x2e\
\x01\xe4\xce\xb6\x37\x56\xe1\xb5\x5f\x3e\x86\x74\x3a\x2d\x1d\x45\
\x6b\x7e\x53\x75\x18\x0a\x33\xc2\xb1\x84\xf6\x7f\x11\xda\xcf\x00\
\x94\xa9\x14\xae\x28\x7d\x05\xa7\x70\xf0\x17\x55\xde\xd4\x82\xe6\
\x45\x3f\xe0\xe0\x4f\x45\xab\xb2\xe9\x08\xb4\x2c\x5c\x82\xd2\xaa\
\x5a\xe9\x28\x5a\x4b\x39\x5e\x38\xed\x7a\xef\x77\x44\xac\x66\xe9\
\x2c\xd2\xb4\x2e\x00\xf5\xe6\x76\x5c\x5f\xb6\x02\xcd\xbe\x2d\xd2\
\x51\xf4\xa5\x14\xea\x4e\x9c\x8b\xa6\xcb\xef\x87\xaf\xac\x4a\x3a\
\x0d\x51\x56\xf9\x4a\xcb\x71\x64\xf4\x5b\xa8\x1b\x3b\x49\x3a\x8a\
\xd6\x1c\x17\xb5\x29\xc7\x5b\xdd\x11\xb1\x16\x48\x67\x91\xa4\x6d\
\x01\x98\x1a\x78\x17\x8b\xca\x5e\x46\x95\xd1\x25\x1d\x45\x5b\x66\
\xa8\x0c\x8d\xf3\x17\x63\xf0\xa9\x11\x28\x43\xdb\x7f\x8a\xa4\xa1\
\xa6\xb3\x22\x18\x39\x6b\x3e\x0c\xfe\xbb\x17\xe3\x7a\x30\xbb\xd2\
\xde\xb2\xf6\x56\xeb\x29\xe9\x2c\x52\xb4\xdb\x03\x70\xca\xfc\x8b\
\xbc\x0b\x42\xaf\x63\x92\xff\x03\xe9\x28\x5a\x2b\x19\x3c\x1c\x8d\
\xf3\xee\x44\xa0\x66\x88\x74\x14\xad\x71\x0f\x80\xac\xae\x4f\x36\
\x63\xf5\x13\x0f\xa0\x6b\xd7\x4e\xe9\x28\x5a\xf3\x19\xea\xad\x3d\
\x97\x0a\x6a\x35\x30\x68\x55\x00\xe2\x51\x7b\xd4\xfb\x6e\xe9\xda\
\x41\xc6\x2e\xe9\x28\x5a\xab\x99\x74\x2a\xac\xb3\xae\x85\xe1\x0f\
\x4a\x47\xd1\x1e\x0b\x40\x1e\x70\x5d\xac\xfb\xf9\xc3\xd8\xb2\x71\
\xbd\x74\x12\xad\x19\x0a\x5d\x7e\x53\x9d\x13\x8e\x25\x9e\x93\xce\
\x92\x2b\xda\x14\x80\x78\xd4\x9e\x03\xe0\x87\x00\x2a\xa4\xb3\xe8\
\x4a\xf9\xfc\xb0\xce\x58\x84\xda\xa3\xcf\x90\x8e\x42\x7b\xb0\x00\
\xe4\x8f\xf7\xfe\xf8\x1f\xd8\xd8\xf1\x2c\x74\x79\x4d\xce\x47\x0a\
\xf0\xfc\xa6\x7a\x70\xda\xb2\xc4\x8d\xd2\x59\x72\xa1\xe8\x0b\x40\
\x3c\x6a\xfb\x00\xdc\x07\xe0\x3a\xe9\x2c\x3a\x0b\x54\x0d\x44\xe3\
\xbc\x3b\x51\xc2\x8d\xb7\x79\x85\x05\x20\xbf\xec\xd8\xb4\x1e\xeb\
\x9e\x7e\x14\xa9\x64\x52\x3a\x8a\xd6\xfc\x86\x5a\x61\x18\x98\x1a\
\x8e\x25\x8a\xfa\x18\xc7\xa2\x2e\x00\xf1\xa8\x3d\x04\xc0\x53\x00\
\x78\x02\x94\xa0\x8a\xe6\x63\xd0\x70\xe1\x37\x60\x96\x70\xf2\x25\
\x57\x1c\x0f\xd8\xd2\x65\x62\x7b\xca\xd8\xef\x97\xfa\xec\xbf\x93\
\x06\xde\xd8\xea\xc0\x6f\x78\x08\x19\x2e\x4a\x7d\x0e\x2a\x7c\x69\
\x54\xf9\x92\xa8\xf6\x77\x61\x40\xa0\x13\x75\x81\xdd\x18\x5e\xb2\
\x0d\x7e\x83\x77\x57\xcd\x15\x27\xd9\x89\x35\x3f\xbd\x0f\x3b\x3e\
\x7c\x5f\x3a\x8a\xd6\x4c\x03\xdb\x7c\x86\x9a\x1e\x8e\x25\x56\x4a\
\x67\xc9\x96\xa2\x2d\x00\xf1\xa8\x3d\x1d\xc0\xcf\x01\x0c\x14\x8e\
\xa2\x2f\xa5\x30\x68\xe6\x65\x18\x38\xe3\xcb\x00\x4f\x41\xcb\xba\
\x2e\x47\xe1\xb5\x4f\x03\x58\xb3\x35\x80\xd7\xb7\xf9\xd1\xe5\x1c\
\xfa\xcf\x7c\xe3\xa7\x87\x3e\x0b\xc5\x50\xc0\xc0\x50\x12\x2d\x95\
\x5b\x30\xb3\x26\x81\x7e\x3e\xbe\x3b\xcd\x85\x8d\xcf\xff\x2b\xde\
\x5b\xf9\x47\xde\x80\x5c\x90\x52\x70\xfd\x86\xba\x61\xda\xb2\xc4\
\xc3\xd2\x59\xb2\xa1\xe8\x0a\x40\x3c\x6a\x2b\x00\x37\x01\xf8\x36\
\x00\x53\x38\x8e\xb6\x7c\xa5\x95\xa8\xbf\xf0\x1b\xa8\x18\x79\xb4\
\x74\x94\xa2\xb6\x2d\x65\x60\xed\xd6\x00\xd6\x6e\x0d\xe0\xcd\xed\
\x7e\x38\xbd\xfc\x71\xee\x49\x01\xd8\x97\x02\x50\x1d\x70\x70\x44\
\xc5\xa7\x98\x51\x9b\x80\x1d\xe4\xee\xf5\x6c\xda\xb2\x6e\x05\xd6\
\xff\xea\x47\x70\x1c\x47\x3a\x8a\xd6\xfc\xa6\xfa\xad\xa1\x70\x46\
\x38\x96\x28\xaa\xa9\xb0\xa2\x2a\x00\xf1\xa8\xdd\x0f\xc0\x4f\x00\
\x9c\x2d\x9d\x45\x67\xa5\xf6\x28\x34\xcc\xbd\x13\x81\xaa\x3a\xe9\
\x28\x45\x29\xe5\x2a\xbc\xf8\x61\x08\xaf\x6e\x09\xe0\xdd\x9d\xbe\
\xc3\x7a\x87\xd8\xdb\x02\xb0\xbf\x72\x9f\x8b\xb1\x15\xdb\x30\x77\
\xf0\x7a\x94\x99\xda\x9f\xac\x9a\x15\xa9\x6d\x5b\xb0\xfa\xa7\xf7\
\x62\xf7\x76\xde\xcc\x4e\x92\xcf\xc0\xfb\xa6\xa1\x8e\x09\xc7\x12\
\xef\x48\x67\xc9\x94\xa2\x29\x00\xf1\xa8\x3d\x01\xc0\x2f\x00\x0c\
\x97\xce\xa2\xb3\xda\x63\xce\x84\x75\xc6\x22\x28\xd3\x27\x1d\xa5\
\xe8\xb8\x1e\xb0\xe2\xe3\x10\x7e\xff\x6e\x09\xb6\xa7\x32\x73\x80\
\xcc\xe1\x16\x80\xbd\x7c\x06\x30\xa5\xe6\x63\xcc\x1d\xb4\x01\xa6\
\x2a\xaa\x37\x49\x79\xc2\xc5\xfa\x7f\xfb\x3e\x3e\x5a\xbf\x4a\x3a\
\x88\xd6\x0c\x85\x94\xdf\x54\xf3\xc3\xb1\xc4\x33\xd2\x59\x32\xa1\
\x28\x0a\x40\x3c\x6a\x5f\x06\xe0\xfb\x00\x78\xfb\x38\x21\x86\x3f\
\x08\xfb\xec\xeb\x50\x3d\xf1\x14\xe9\x28\x45\x69\xcd\xd6\x00\xfe\
\x33\x51\x8a\x8f\x3a\x33\xbb\xaa\x95\xa9\x02\xb0\x57\xc8\xf4\x70\
\x5a\xdd\xfb\x98\xdd\xff\xed\x8c\x3e\x2e\x75\xfb\x20\xfe\xdf\x78\
\xeb\xff\xfe\x12\xae\x5b\xf8\xaf\xdb\x85\x4a\x01\xf0\x9b\x2a\x36\
\x6d\x59\xe2\xab\xd2\x59\x0e\x57\x41\x17\x80\x78\xd4\x0e\x02\x78\
\x04\x40\xc1\xff\x45\x14\xb2\x60\xad\x85\xc6\xf9\x8b\x11\x1a\x38\
\x4c\x3a\x4a\xd1\xd9\xb8\xc3\x87\xdf\x25\xca\xb0\x71\x47\x76\x66\
\x54\x32\x5d\x00\xf6\xaa\xf0\xbb\x98\x33\x68\x23\x8e\xaf\xe2\x4e\
\xf6\x4c\xdb\xfd\xc1\x3b\x58\xf3\xe4\x43\x48\x76\x16\xf5\x15\x6a\
\x79\xcf\x67\xa8\xb5\x7b\x4e\x0f\x2c\xd8\xb5\x99\x82\x2d\x00\xf1\
\xa8\xdd\x08\xe0\xdf\x00\x1c\x25\x1c\x45\x6b\xfd\xc6\x86\x31\x74\
\xce\xd7\x61\x06\x4b\xa5\xa3\x14\x95\xad\x49\x03\xbf\x7d\xa7\x0c\
\x6b\xb6\x06\xb2\xfa\x3c\xd9\x2a\x00\x7b\xd5\x85\x52\x68\xb5\x5f\
\xc7\xb0\x92\x82\x7d\x8d\xcc\x4b\x6e\x3a\x8d\xb5\xff\x7a\x3f\xb6\
\xbd\x57\xce\xd3\x9a\xaa\x00\x00\x20\x00\x49\x44\x41\x54\x34\xcb\
\xd1\x05\xc9\x54\xd8\xe5\x33\xd5\x69\xe1\x58\xa2\x43\x3a\x4b\x5f\
\x14\x64\x01\x88\x47\xed\x59\x00\x7e\x0a\xa0\x46\x3a\x8b\xae\x94\
\x61\x60\xd0\xa9\x11\xd4\x4d\xbb\x48\x3a\x4a\xd1\x79\x73\xbb\x1f\
\x4f\xbd\x51\x81\x5d\xe9\xec\x5f\x3a\x99\xed\x02\x00\x00\xa6\x02\
\xe6\x5a\x6f\xe3\x84\xea\xf7\xb2\xfe\x5c\xba\xd9\xf4\xfb\x5f\x20\
\xf1\xe2\xff\xe5\xe9\x81\x82\x94\x82\xe7\x37\xd4\xe2\x69\xcb\x12\
\x8b\xa5\xb3\xf4\x56\x41\x15\x80\x78\xd4\x36\x00\xdc\x09\xe0\x9b\
\xe8\x5e\x8a\x21\x01\xbe\xf2\x6a\x34\x5c\x7c\x1b\xca\x87\x4d\x90\
\x8e\x52\x74\x5e\xfc\x30\x84\x67\xdf\x29\x43\xae\x96\x78\x73\x51\
\x00\x80\xee\x1f\xd6\x70\xed\x27\xb8\x64\xc8\x6b\x39\x79\x3e\x9d\
\x6c\x7b\x73\x35\x5e\xfb\xc5\x52\xa4\xd3\xbc\x0a\x43\x92\xdf\x54\
\xed\x86\xc2\xcc\x70\x2c\x51\x30\x7f\x11\x05\x53\x00\xe2\x51\xbb\
\x3f\x80\x27\x01\x70\x97\x99\xa0\xb2\x86\x71\x68\x98\x7b\x3b\xfc\
\x15\xb5\xd2\x51\x8a\x8a\xe3\x01\xcf\xbe\x53\x86\xbf\x7c\x18\xca\
\xe9\xf3\xe6\xaa\x00\xec\x35\xac\xac\x13\x37\x36\xfe\x95\x27\x0b\
\x66\x58\x7a\xd7\x0e\xac\xfe\x97\x7b\xb1\x6b\xeb\xc7\xd2\x51\xb4\
\x66\x1a\xf8\xd8\x67\xa8\x29\xe1\x58\xa2\x20\x9a\x6e\x41\x14\x80\
\x78\xd4\x3e\x16\xc0\x33\x00\x86\x4a\x67\xd1\xd9\x80\xa9\x73\x30\
\xf8\x4b\x57\x40\x19\x3c\x5f\x29\x93\x76\xa5\x15\x9e\x7a\xa3\x02\
\x6f\x6e\xf7\xe7\xfc\xb9\x73\x5d\x00\x00\xa0\x5f\xc0\xc1\x4d\x4d\
\xaf\x62\x80\x7f\x77\xce\x9f\xbb\xd8\xbd\xf1\xab\x18\x3e\x58\xbd\
\x42\x3a\x86\xd6\x0c\x05\xc7\x6f\xaa\x2b\xc2\xb1\xc4\x0f\xa5\xb3\
\x1c\x4a\xde\x17\x80\x78\xd4\x6e\x03\xf0\x20\x80\xec\xee\x86\xa2\
\x83\x32\x82\xa5\xa8\x3f\xef\x1f\xd0\x6f\xdc\x09\xd2\x51\x8a\xce\
\x07\xbb\x4d\xfc\xeb\x86\x4a\x6c\xe9\xca\xcc\x75\xfd\xbd\x25\x51\
\x00\x00\x20\x60\x78\x88\x36\xbc\x8e\x71\xe5\x9f\x88\x3c\x7f\x31\
\xfb\xf8\xaf\x7f\xc4\x86\xe7\x7e\x06\xd7\xe5\x2c\x8b\xa4\x80\xa9\
\x9e\x9e\xb6\x2c\x91\xd7\x9b\xa4\xf2\xb6\x00\xc4\xa3\x76\x19\x80\
\x1f\x00\x98\x27\x9d\x45\x67\xa1\xba\x46\x34\xce\xbf\x13\xc1\xfe\
\x9c\x7c\xc9\xb4\x0f\x76\x9b\x78\x7c\x5d\xbf\x1e\x9d\xd9\x9f\x2d\
\x52\x05\x00\xe8\xbe\xc7\xc0\xa2\xc6\xd7\x58\x02\xb2\xa0\xeb\x93\
\xcd\x58\xfd\xc4\x03\xe8\xda\xc5\xa3\x9a\x25\xf9\x0c\xf5\xd6\x9e\
\x4b\x05\x3f\x90\xce\x72\x20\x79\x59\x00\xe2\x51\x7b\x14\xba\x4f\
\xf5\x3b\x42\x3a\x8b\xce\xaa\x8e\x9c\x89\xa1\xe7\xde\x00\x23\x90\
\xdb\x75\x69\x1d\xec\x4a\x2b\x3c\xb6\xb6\x4a\xec\x9d\xff\x5e\x92\
\x05\x00\xe8\x9e\x09\xb8\xa3\xf9\xaf\x5c\x0e\xc8\x06\xd7\xc5\xba\
\x9f\x3f\x8c\x2d\x1b\xd7\x4b\x27\xd1\x9a\xa1\xd0\xe5\x37\xd5\x39\
\xe1\x58\xe2\x39\xe9\x2c\xfb\xcb\xbb\x02\x10\x8f\xda\x73\x00\xfc\
\x10\x00\xef\x1d\x2b\x44\x99\x3e\x0c\x99\x75\x15\xfa\x1f\x77\x8e\
\x74\x94\xa2\xe4\x78\xc0\xbf\xbc\x5e\x29\xb2\xe6\xbf\x3f\xe9\x02\
\x00\x74\xef\x09\x58\x32\xf2\x25\x6e\x0c\xcc\x92\xf7\xfe\xf4\x2c\
\x36\xb6\xff\x07\x2f\x15\x14\xa4\x00\xcf\x6f\xaa\x07\xa7\x2d\x4b\
\xdc\x28\x9d\x65\x5f\x79\x53\x00\xe2\x51\xdb\x07\xe0\x3e\x00\xd7\
\x49\x67\xd1\x99\xbf\xdf\x00\x34\xce\xbd\x1d\xa5\x43\xc7\x4a\x47\
\x29\x5a\xbf\xde\x98\xfb\xdd\xfe\x07\x93\x0f\x05\x00\xe8\xbe\x3a\
\xe0\x96\xa6\x97\xa5\x63\x14\xad\x9d\x89\x0d\x58\xfb\xd4\x23\x48\
\x25\x79\x2b\x67\x49\x7e\x43\xad\x30\x0c\x4c\x0d\xc7\x12\x79\x71\
\x8c\x63\x5e\x14\x80\x78\xd4\x1e\x02\xe0\x29\x00\x61\xe9\x2c\x3a\
\xab\x18\x3e\x09\xf5\x17\xdd\x0a\x5f\x59\x95\x74\x94\xa2\xf5\xe2\
\x87\x21\xfc\x66\x63\x99\x74\x8c\xbf\xc9\x97\x02\x00\x00\xd3\x78\
\x4e\x40\x56\x39\xc9\x4e\xac\xf9\xe9\x7d\xd8\xf1\x21\x8f\x67\x96\
\x64\x1a\xd8\xe6\x33\xd4\xf4\x70\x2c\xb1\x52\x3a\x8b\xec\x02\x24\
\x80\x78\xd4\x9e\x0e\x60\x05\x38\xf8\xcb\x51\x0a\x03\xa7\xcf\x47\
\xd3\xe5\xf7\x71\xf0\xcf\xa2\x37\xb7\xfb\xf1\xec\x3b\xf9\x33\xf8\
\xe7\x9b\x8e\x8f\x6b\xb0\x7c\xcb\x60\xe9\x18\x45\xcb\x0c\x84\x30\
\xae\xf5\x76\x0c\x99\x38\x95\xa7\xa8\x09\x72\x5c\x54\x26\x1d\x2f\
\xde\xde\x6a\x5d\x2b\x9d\x45\x6c\x06\x20\x1e\xb5\x15\x80\x7f\x00\
\xb0\x04\x00\x2f\x2c\x17\x62\x96\x54\xa0\x7e\xce\xcd\xa8\x1c\x7d\
\x9c\x74\x94\xa2\xb6\x35\x69\x60\xe9\x9a\xaa\x9c\x1c\xef\xdb\x1b\
\xf9\x34\x03\x00\x74\x1f\x1b\x7c\xd3\xf0\xd5\xbc\x77\x40\x96\x6d\
\x59\xb7\x02\xeb\x7f\xf5\x23\x38\x8e\x23\x1d\x45\x6b\x7e\x53\x3d\
\x6b\x28\x9c\x19\x8e\x25\x44\x36\xc0\x88\x14\x80\x78\xd4\xee\x07\
\xe0\x27\x00\xce\xce\xf9\x93\xd3\xdf\x94\x0c\x19\x81\xc6\x79\x8b\
\x11\xa8\x1e\x24\x1d\xa5\xe8\xfd\x6c\x43\x45\xd6\x6f\xec\xd3\x17\
\xf9\x56\x00\x80\xee\x1b\x08\xdd\x3d\xf2\x25\xe9\x18\x45\x2f\xb5\
\x6d\x0b\x56\xff\xf4\x3e\xec\xde\xfe\xa9\x74\x14\xad\xf9\x0c\xbc\
\x6f\x1a\xea\x98\x70\x2c\x91\xf3\x3b\x3b\xe5\x7c\x09\x20\x1e\xb5\
\x8f\x04\x10\x07\x07\x7f\x51\x35\x47\x9d\x8e\x91\x57\x3e\xc2\xc1\
\x3f\x07\x36\xee\xf0\xe5\xe5\xe0\x9f\xaf\x3e\xe8\xf4\xe3\xcf\x5b\
\xf9\xef\x32\xdb\xfc\x95\xd5\x98\xd0\xf6\x6d\xf4\x1f\xc1\xab\xad\
\x25\xa5\x5d\x0c\x4a\x39\xde\x86\x8e\x88\x35\x27\xd7\xcf\x9d\xd3\
\x02\x10\x8f\xda\x97\x01\xf8\x1f\x00\x23\x72\xf9\xbc\xf4\x19\xe5\
\x0b\x60\xe8\xb9\x37\x62\xe8\x79\x37\x42\xf9\x38\x28\xe5\xc2\xef\
\x12\x5c\xf7\xef\xad\x7f\x7b\xbf\x5e\x3a\x82\x26\x0c\x8c\x98\xd3\
\x86\xa6\x93\xcf\x87\x61\xe4\xd7\xf2\x94\x4e\x5c\x0f\xfe\x64\xda\
\x7b\xa6\xbd\xd5\x7a\x3c\x97\xcf\x9b\x93\x25\x80\x78\xd4\x0e\x02\
\xf8\x67\x00\x57\x64\xfd\xc9\xe8\xa0\x02\xd5\x83\xd0\x38\x6f\x31\
\x4a\x86\xb0\x7f\xe5\xca\x9a\xad\x01\xfc\x6c\x43\xfe\x1e\x69\x91\
\x8f\x4b\x00\x7b\x9d\x3d\xf8\x3d\xcc\xee\xff\xb6\x74\x0c\x6d\xec\
\xfe\xe0\x1d\xac\x79\xf2\x21\x24\x3b\xf3\xe2\x0a\x35\x6d\xf9\x0c\
\xb5\xc6\x34\x70\x5c\x38\x96\xc8\xfa\x46\x98\xac\xcf\x00\xc4\xa3\
\x76\x23\x80\x3f\x82\x83\xbf\xa8\xca\xd1\xc7\xa1\xb9\x6d\x29\x07\
\xff\x1c\x72\x3d\xe0\x3f\x13\xa5\xd2\x31\x0a\xd6\xf3\x1f\x0c\x82\
\xe3\x89\x5f\xa8\xa4\x8d\x92\xba\xa1\x68\x59\x74\x1f\xfa\x0d\xe1\
\xec\x8b\xa4\xb4\xeb\x8d\x49\x3b\xde\x7b\x1d\x11\x2b\xeb\x57\xc6\
\x65\xf5\xa7\x2b\x1e\xb5\x67\x01\x78\x09\xc0\x51\xd9\x7c\x1e\xfa\
\x02\x4a\x61\xd0\x29\x0b\x30\xec\xcb\x77\xc3\x2c\xc9\xdf\x77\xa2\
\xc5\x68\xc5\xc7\x21\x7c\xd4\xc9\x0b\x5c\xfa\xaa\xd3\x51\xf8\xd9\
\xfb\xc3\xa5\x63\x68\xc5\xf0\xf9\x30\xe6\xd2\x9b\x61\x1f\x7b\x12\
\x94\xe2\x92\x80\x14\xc7\x43\x69\xd2\xf1\x96\xb7\xb7\x5a\x77\x64\
\xf3\x79\xb2\xb2\x04\x10\x8f\xda\x06\x80\x3b\x01\x7c\x13\xe0\x25\
\xa7\x52\x7c\x65\x55\xa8\xbf\xe8\x56\x54\x0c\x9f\x24\x1d\x45\x3b\
\x29\x57\xe1\xe1\x57\xab\xb0\x3d\x95\xdf\xef\x60\xf3\x79\x09\x00\
\x00\x7c\x06\x70\xff\xe8\x38\xca\xcc\xfc\xce\x59\x8c\xb6\xbd\xb9\
\x1a\xaf\xfd\xf2\x31\xa4\x53\x29\xe9\x28\x5a\xf3\x9b\xaa\xdd\x50\
\x98\x19\x8e\x25\x32\xfe\x43\x90\xf1\x57\xa7\x78\xd4\xee\x0f\xe0\
\x39\x00\xb7\x81\x83\xbf\x98\xd2\xa1\x63\xd1\xdc\xb6\x94\x83\xbf\
\x90\x17\x3f\x0c\xe5\xfd\xe0\x5f\x08\xd2\x2e\xf0\xb3\xf7\xb8\x6c\
\x25\xa1\x72\xd8\x58\xb4\x5c\xf5\x6d\x94\x56\xd7\x4a\x47\xd1\x5a\
\xca\xf1\xa6\xa5\x5d\xef\xfd\x8e\x88\xd5\x9c\xe9\xc7\xce\xe8\x2b\
\x54\x3c\x6a\x1f\x8b\xee\x53\xfd\x4e\xc9\xe4\xe3\x52\xef\xf4\x3f\
\xee\x1c\x8c\xf8\xea\x43\xf0\xf7\x1b\x20\x1d\x45\x5b\xaf\x6e\xe1\
\x15\x16\x99\xb2\x7a\x7b\xa5\x74\x04\x6d\xf9\x4a\xcb\x71\xe4\x95\
\xdf\xc2\xc0\xb1\x5c\xc5\x95\xe4\xb8\xa8\x4d\x39\xde\xea\x8e\x88\
\xb5\x20\x93\x8f\x9b\xb1\x02\x10\x8f\xda\x6d\x00\x96\x03\xe0\x8d\
\xe3\x85\x18\x81\x10\xea\x2f\xfc\x06\xac\x33\xaf\x86\x32\x7d\xd2\
\x71\xb4\xb5\x2d\x65\xe0\xdd\x9d\xfc\xf3\xcf\x94\x1d\x69\x03\x9b\
\xba\x78\x29\xa5\xa4\x61\x67\xb5\x62\xe4\xec\x4b\x60\x18\x9c\xd5\
\x92\xe2\x7a\x30\xbb\xd2\xde\xb2\xf6\x56\xeb\xa9\x4c\x3d\xe6\x61\
\xef\x01\x88\x47\xed\x32\x00\x3f\x00\x30\x2f\x23\x89\xa8\x4f\x82\
\xfd\x87\xa2\x71\xfe\x9d\x08\xd5\x35\x4a\x47\xd1\x5e\xbe\xdd\xf0\
\xe7\x8b\xe4\xfb\x1e\x80\xbd\x78\xa3\xa0\xfc\xd0\xf5\xc9\x66\xac\
\x7e\xe2\x01\x74\xed\xda\x29\x1d\x45\x6b\x3e\x43\xbd\x65\x1a\x38\
\x36\x1c\x4b\x7c\x70\x38\x8f\x73\x58\x75\x2e\x1e\xb5\x47\x01\xf8\
\x7f\xe0\xe0\x2f\xaa\xdf\xb8\x13\xd0\xbc\xf0\x7b\x1c\xfc\xf3\xc4\
\x5a\x9e\xfa\x97\x71\xab\xb6\xf7\x93\x8e\x40\x00\x82\x35\x03\x31\
\x71\xd1\xbd\xa8\xae\xe7\xbe\x0c\x49\x69\xd7\x6b\x4c\x39\xde\xc6\
\x8e\x88\xf5\xa5\xc3\x79\x9c\x3e\x17\x80\x78\xd4\x9e\x03\xe0\x2f\
\x00\x78\x8e\xa4\x10\x65\x98\x18\x32\xeb\x2a\x34\xce\xbd\x03\x46\
\x90\xd7\x9b\xe7\x83\x2e\x47\xe1\xcd\xed\x7e\xe9\x18\x45\x67\x4b\
\xd2\xc4\xa7\x69\x16\xab\xbc\x60\x18\x18\x35\xef\x7a\x34\x9c\x70\
\x06\x2f\x15\x14\xe4\x7a\x08\x26\xd3\xde\xb3\xed\xad\xd6\x03\x7d\
\x7d\x8c\x5e\x2f\x01\xc4\xa3\xb6\x0f\xc0\xbd\x00\xae\xef\xeb\x93\
\xd2\xe1\xf3\x57\xd4\xa2\xe1\xe2\xdb\x50\xd6\x38\x5e\x3a\x0a\xed\
\xe3\x95\x4f\x82\x78\xe6\xcd\x72\xe9\x18\x3d\x56\x28\x4b\x00\x00\
\x70\xfa\xc0\xcd\x38\xb7\xee\x4d\xe9\x18\xb4\x8f\x9d\x89\x0d\x58\
\xfb\xd4\x23\x48\x25\x93\xd2\x51\xb4\xe6\x37\xd4\x4b\x86\x81\x70\
\x38\x96\xe8\xd5\x31\x8e\xbd\x9a\x01\x88\x47\xed\xc1\x00\x7e\x0f\
\x0e\xfe\xa2\xca\x87\x4d\x40\x73\xdb\x52\x0e\xfe\x79\x68\xed\xa7\
\x7c\xf7\x9f\x2d\x2f\x6f\xab\x91\x8e\x40\xfb\x29\xb3\x86\xa3\x65\
\xd1\x3d\x28\x1f\xc0\x9b\x37\x49\x4a\xb9\xde\x51\x69\xd7\xdb\xdc\
\x11\xb1\x5a\x7a\xf3\x75\x3d\x2e\x00\xf1\xa8\x3d\x1d\xc0\x4a\x00\
\x59\x3f\x9e\x90\x0e\xae\x6e\xda\x45\x68\x5a\xf0\x00\x7c\x15\x7c\
\x31\xcc\x37\x8e\x07\xbc\xf6\x29\xa7\xa9\xb3\x65\x73\xa7\x1f\x29\
\x97\xbb\xd0\xf3\x8d\x19\x08\x61\x5c\xeb\xed\x18\x32\x71\x2a\x0f\
\x7e\x11\xe4\xb8\xa8\x4c\x3a\xde\x4b\xed\xad\xd6\xb5\x3d\xfd\x9a\
\x1e\xfd\x34\xc5\xa3\xf6\x4d\x00\xfe\x0b\xc0\xc0\xbe\x86\xa3\xc3\
\x63\x06\x4b\xd1\x38\x7f\x31\x06\x7f\xe9\x0a\x28\x5e\x8a\x93\x97\
\xb6\x74\x99\xe8\x72\xf8\x12\x98\x2d\xae\x07\x6c\xd8\xcd\x33\x01\
\xf2\x55\xfd\x69\xf3\xd1\x7c\x6e\x04\xa6\xc9\xe3\xaf\xa5\x78\x1e\
\x8c\xa4\xe3\x3d\xb4\xbc\xd5\xfa\x8f\x9e\x7c\xfe\x17\xee\x01\x88\
\x47\xed\x7e\x00\x7e\x0c\xe0\x9c\xcc\xc4\xa3\xbe\x08\x0d\x1c\x86\
\xc6\xf9\x8b\x11\xac\xb5\xa4\xa3\xd0\x17\x78\x73\xbb\x1f\x3f\x7a\
\xad\xb0\x06\xa8\x42\xda\x03\x00\x00\x5f\xb6\xdf\xc6\x09\xd5\xef\
\x49\xc7\xa0\x2f\x90\xda\xb6\x05\xab\x7f\x7a\x1f\x76\x6f\xff\x54\
\x3a\x8a\xd6\x7c\x06\xde\x33\x0d\x75\x6c\x38\x96\x78\xe7\x60\x9f\
\x73\xd0\xb7\x92\xf1\xa8\x7d\x24\x80\x38\x38\xf8\x8b\xaa\x6e\x39\
\x19\x23\xaf\xfa\x2e\x07\xff\x02\xc0\xa3\x7f\xb3\xef\xc3\x64\x48\
\x3a\x02\x1d\x82\xbf\xb2\x1a\x13\xda\xbe\x8d\xfe\x23\x78\x81\x98\
\xa4\xb4\x8b\xc1\x29\xc7\xdb\xd0\x11\xb1\xe6\x1c\xec\x73\x0e\xf8\
\x8a\x15\x8f\xda\xe7\x00\xf8\x33\x00\x5e\xec\x29\x44\x99\x3e\xd8\
\x67\x5d\x83\xfa\x0b\x6e\x81\xe1\x0f\x4a\xc7\xa1\x1e\x60\x01\xc8\
\xbe\x2d\x29\xfe\x2c\x14\x06\x03\x23\xe6\xb4\xa1\xe9\x94\x0b\x60\
\x18\x5c\x16\x93\xe2\x7a\xf0\x27\xd3\xde\x33\xed\xad\xd6\xa3\x07\
\xfa\xfd\xbf\x7b\xc5\x8a\x47\xed\x1b\x01\xfc\x02\x00\x2f\x2c\x17\
\x12\xa8\xaa\xc3\x88\x2b\xbe\x83\xda\x63\xcf\x92\x8e\x42\xbd\xc0\
\x02\x90\x7d\x5b\x79\x16\x40\x41\xa9\x3b\x6a\x06\xc6\x7f\xe5\x66\
\x04\x42\x25\xd2\x51\xb4\xe5\x01\x48\x3a\x5e\xdb\xf2\x05\xd6\x4b\
\x1d\x11\xeb\x73\x67\x94\x7f\xee\x15\x2b\x1e\xb5\x17\x02\xb8\x7f\
\xff\x8f\x53\xee\x54\x8c\x9c\x8c\x91\x6d\x8f\xa1\xd4\x1e\x2d\x1d\
\x85\x7a\x69\x7b\x8a\xef\x74\xb2\x6d\x7b\x9a\xf7\x58\x28\x34\x25\
\x75\x43\xd1\xb2\xe8\x5e\xf4\x1b\x52\x2f\x1d\x45\x6b\x29\xd7\x9b\
\xe4\x7a\xf8\xfd\xbe\x1f\xfb\xdb\x40\x1f\x8f\xda\xc7\x03\x78\x28\
\xe7\xa9\xa8\x9b\x52\x18\x38\xf3\x12\x34\x5d\x76\x0f\x7c\xa5\x85\
\xb5\x91\x8c\xba\x71\x06\x20\xfb\x76\xa5\xb9\xc3\xbc\x10\x19\x3e\
\x1f\xc6\x5c\x7a\x33\xec\xe3\x4e\xe6\xe9\x81\x82\x52\x8e\x17\x6e\
\x6f\xb5\xbe\xb5\xf7\xff\x0d\x00\x88\x47\xed\x00\x80\x9f\x03\xe0\
\xfc\x9a\x00\xb3\xa4\x02\x4d\x97\x2e\xc1\xa0\x93\xbe\x02\xf0\x87\
\xa3\x60\xb1\x00\x64\x5f\x27\xcf\x01\x28\x68\xf6\xf4\xf3\x30\xe6\
\xc2\x36\xf8\xfc\x3c\x30\x4b\x4a\xca\xf5\x6e\xed\x88\x58\x75\xc0\
\x67\x33\x00\x0b\x00\x70\x7e\x46\x40\x89\xd5\x8c\xe6\xb6\xa5\xa8\
\x68\x3e\x46\x3a\x0a\x1d\xa6\xed\x49\x0e\x4e\xd9\x96\x72\x59\x90\
\x0b\x5d\xe5\xb0\xb1\x68\xb9\xea\xdb\x28\xad\xae\x95\x8e\xa2\x25\
\xcf\x83\x72\x3d\x3c\x0e\x00\xea\x2f\x57\x5a\x3e\x00\xeb\x01\x34\
\xc8\xc6\xd2\x4f\xed\xd1\xb3\x61\x9d\x71\x35\x94\x8f\x6d\xb8\x18\
\xdc\xbd\xb2\x06\xc9\x02\x1b\xa0\x0a\xed\x1c\x00\x43\x01\x4b\xc7\
\xfd\x8f\x74\x0c\xca\x90\x37\x7f\xb5\x0c\x9b\x57\xbf\x24\x1d\x43\
\x3b\x4a\xc1\x09\x98\xaa\xd2\x00\x30\x09\x1c\xfc\x73\xca\xf0\x07\
\x31\xf4\xfc\x9b\x60\x9f\x73\x3d\x07\xff\x22\x52\x11\x70\xa5\x23\
\x14\x3d\xbf\xd1\xbb\x9b\x97\x51\x7e\x1b\x76\x56\x2b\x46\xce\xbe\
\x04\x06\x4f\x37\xcd\x29\xcf\x83\x09\xe0\xe2\xbd\x05\x80\x72\x24\
\x50\x33\x04\x23\xae\x7c\x04\x35\x93\x4e\x93\x8e\x42\x19\x56\xe1\
\x67\x01\xc8\xb6\x90\xc1\x3f\xe3\x62\x53\x3b\xfe\x78\x4c\x88\xdc\
\x86\x60\x69\x99\x74\x14\xad\x78\x1e\x4e\x31\x00\x1c\x25\x1d\x44\
\x17\x95\x63\xa6\xa0\xb9\x6d\x29\x4a\x06\x0f\x97\x8e\x42\x59\xc0\
\x02\x90\x7d\xa5\x3e\x47\x3a\x02\x65\x41\xb0\x66\x20\x26\x2e\xba\
\x17\xd5\x0d\x23\xa5\xa3\x68\xc3\xf5\x30\xd1\x00\x37\xff\x65\x9d\
\x32\x0c\x0c\x3e\x35\x82\x61\xf3\xef\x82\x19\x62\xcb\x2d\x56\x15\
\x7e\x4e\x4f\x67\x5b\x85\xaf\xb0\xf6\x2c\x50\x2f\x18\x06\x46\xcd\
\xbd\x0e\x0d\x27\x9c\xc1\x4b\x05\x73\xc0\x83\xd7\xdf\x07\xa0\x5a\
\x3a\x48\x31\xf3\x95\x55\xa1\xe1\xe2\xdb\x50\xde\xd4\xab\xdb\x34\
\x53\x01\xe2\x0c\x40\xf6\x55\xf9\x92\xd2\x11\x28\xcb\x06\x4f\x99\
\x85\xca\x86\x51\x58\xfb\xd4\x23\x48\x25\xf9\xf7\x9d\x35\x1e\x42\
\x06\x80\x7e\xd2\x39\x8a\x55\x59\xfd\x11\x68\x5e\xf4\x18\x07\x7f\
\x4d\xb0\x00\x64\x5f\xb5\xbf\x4b\x3a\x02\xe5\x40\x99\x35\x1c\x2d\
\x8b\xee\x41\xf9\x80\x41\xd2\x51\x8a\x96\x07\xf8\x0d\x00\x9f\x48\
\x07\x29\x46\xfd\xa7\x9c\x87\xe1\x91\x07\xe1\xaf\xec\x2f\x1d\x85\
\x72\x84\x05\x20\xfb\x06\x04\x3a\xa5\x23\x50\x8e\x98\x81\x10\xc6\
\xb5\xde\x8e\x21\x13\xc3\xe0\x82\x40\xe6\x29\x20\x69\x00\x78\x5d\
\x3a\x48\x31\x31\x02\x25\x68\xb8\xf8\x36\x58\xb3\xdb\xa0\x4c\x9e\
\x5b\xae\x13\x16\x80\xec\xab\x0b\xec\x96\x8e\x40\x39\x56\x7f\xda\
\x3c\x34\x9f\x1b\x81\x69\xf2\x18\xe8\x4c\x52\x4a\x7d\x60\x00\x78\
\x4d\x3a\x48\xb1\x08\x0d\xa8\xc7\xc8\x85\xdf\x43\xd5\xf8\xe9\xd2\
\x51\x48\x40\x75\xd0\x41\xd0\xe4\x46\xc0\x6c\x31\x14\x30\xbc\x64\
\x9b\x74\x0c\x12\x50\x3d\x6a\x12\x5a\xae\xbc\x0b\x25\x15\x5c\xb1\
\xce\x14\xa5\xf0\xa6\x01\xe0\x37\xd2\x41\x8a\x41\xd5\xf8\xe9\x18\
\xb9\xf0\x7b\x08\x0d\xe0\x45\x15\xba\x32\x15\xd0\xdc\x8f\x9b\x96\
\xb2\x65\x60\x28\x05\x3f\xcf\x01\xd0\x96\xbf\xb2\x1a\x13\xda\xbe\
\x8d\xfe\x23\x8e\x90\x8e\x52\x14\x0c\x85\xc7\x8d\xc9\x4b\x37\xbd\
\x0c\x60\xad\x74\x98\x42\xa5\x4c\x1f\xac\xd9\x6d\x68\xb8\xf8\x36\
\x18\x01\xde\xf3\x5a\x77\xa3\xfb\xa5\xa4\x23\x14\xad\x96\x4a\x6e\
\x57\x22\x03\x23\xe6\xb4\xa1\xe9\x94\x0b\x60\x18\xdc\x19\xd0\x57\
\x86\x42\x32\x1c\x4b\x3c\xb5\xf7\xfc\xc5\x65\xa2\x69\x0a\x94\xbf\
\xb2\x3f\x86\x47\x1e\x44\xff\x29\xe7\x49\x47\xa1\x3c\xd1\xdc\x2f\
\x09\x93\xaf\x4b\x19\xa7\x00\xcc\xac\x49\x48\xc7\xa0\x3c\x51\x77\
\xd4\x0c\x8c\xff\xca\xcd\x08\x84\xf8\xa6\xab\x2f\x4c\x43\xfd\x0e\
\xf8\xec\x6e\x80\x8f\xa0\xfb\x86\x40\xd4\x43\xe5\x4d\x2d\x68\x5e\
\xf4\x18\xca\xea\x39\x1d\x45\x9f\x09\x9a\x1e\x86\x55\x70\x16\x20\
\xd3\xaa\x03\x0e\xfa\xf1\x0c\x00\xda\x47\x49\xdd\x50\xb4\x2c\xba\
\x17\xfd\x86\x70\xd9\xb5\x37\x0c\x85\x94\xa1\x30\x1f\xd8\x53\x00\
\x26\x2f\xdd\xd4\x05\xe0\x5a\xd1\x54\x85\x42\x29\xd4\x9d\x38\x17\
\x4d\x97\xdf\x0f\x5f\x59\x95\x74\x1a\xca\x43\xa3\xab\x38\x50\x65\
\xda\x11\x15\x9f\x4a\x47\xa0\x3c\x64\xf8\x7c\x18\x73\xe9\xcd\xb0\
\x8f\x3b\x99\xa7\x07\xf6\x90\xcf\x50\x4b\xc2\xb1\xc4\x36\xe0\xb3\
\x19\x00\x4c\x5e\xba\xe9\x3f\x00\xfc\x44\x2c\x55\x01\x30\x43\x65\
\x18\x36\xff\x2e\x0c\x3e\x35\x02\xc5\xbb\x57\xd1\x41\x8c\xae\x4a\
\xf2\xba\xe5\x0c\x9b\x51\xcb\xe9\x7f\x3a\x38\x7b\xfa\x79\x18\x73\
\x61\x1b\x7c\x7e\xde\x5d\xf5\x8b\xf8\x0c\xb5\x61\xda\xb2\xc4\x9d\
\x7b\xff\x7f\xff\x51\x6c\x21\x80\xd5\x39\x4d\x54\x20\x4a\x06\x0f\
\x47\x73\xdb\x52\x54\x8e\x99\x22\x1d\x85\xf2\x5c\xa5\xdf\xc5\x90\
\x32\x9e\x59\x9f\x29\xe5\x3e\x17\x76\x70\xa7\x74\x0c\xca\x73\x95\
\xc3\xc6\xa2\xe5\xaa\x6f\xa3\xb4\xba\x56\x3a\x4a\x5e\x32\x14\xba\
\x4c\x03\xc7\x7d\xee\x63\xfb\xfe\xcf\xe4\xa5\x9b\x76\x01\xb8\x00\
\xc0\xae\x5c\x06\xcb\x77\x35\x93\x4e\xc5\x88\x2b\x1f\x41\xa0\x66\
\x88\x74\x14\x2a\x10\xe3\xaa\xb9\x0c\x90\x29\x63\x2b\x78\xed\x3f\
\xf5\x8c\xaf\xb4\x1c\x47\x5e\xf9\x2d\x0c\x1c\xcb\x9b\xdc\xee\x4b\
\x01\xf0\x9b\xea\x82\x70\x2c\xf1\xd1\xbe\x1f\xff\xbb\x79\xec\xc9\
\x4b\x37\xad\x06\xd0\x96\xab\x60\xf9\x4c\xf9\xfc\xb0\xcf\xb9\x0e\
\x43\xcf\xff\x3a\x0c\x7f\x50\x3a\x0e\x15\x90\x63\x06\x74\xf2\x64\
\xc0\x0c\xf0\x19\xc0\xdc\xc1\xdc\x9f\x4c\xbd\x33\xec\xac\x56\x8c\
\x9c\x7d\x09\x0c\x2e\xd5\x02\x00\xfc\xa6\x5a\x16\x8e\x25\x7e\xbd\
\xff\xc7\x0f\xf8\xa7\x33\x79\xe9\xa6\x1f\x43\xf3\xfd\x00\x81\xea\
\x41\x18\x79\xc5\x3f\xa3\xf6\xe8\x33\xa4\xa3\x50\x01\xf2\x1b\x1e\
\x66\x0c\xe1\xb1\xb5\x87\x6b\x4a\xcd\xc7\x28\x33\xb9\x9c\x42\xbd\
\x57\x3b\xfe\x78\x4c\x88\xdc\x86\x60\xa9\xde\xb7\x60\xdf\xb3\xee\
\x1f\x39\xd0\xef\x7d\x51\x3d\xd2\x76\x3f\x40\x45\xf3\x31\x68\x6e\
\x5b\x8a\x12\xab\x59\x3a\x0a\x15\xb0\x49\xb5\x9d\xe8\x1f\x72\xa4\
\x63\x14\xac\x90\xe9\x61\xee\xa0\x0d\xd2\x31\xa8\x80\x05\x6b\x06\
\x62\xe2\xa2\x7b\x51\xdd\x30\x52\x3a\x8a\x88\x03\xad\xfb\x7f\xee\
\xf7\x0f\xf6\x1b\x5a\xee\x07\x50\x0a\x83\x4e\xfa\x0a\x9a\x2e\x5d\
\x02\xb3\xa4\x42\x3a\x0d\x15\x38\x43\x01\xa7\x58\xfa\xfc\xf8\x64\
\xda\x69\x75\xef\xc3\x54\x5c\x46\xa1\xc3\x64\x18\x18\x35\xf7\x3a\
\x34\x9c\x70\x86\x56\x97\x0a\x1e\x6c\xdd\x7f\x5f\x5f\xb8\x40\xa2\
\xd3\x7e\x00\x5f\x69\x25\x9a\x2e\xbb\x07\x03\x67\x5e\x02\x68\xf4\
\x8f\x84\xb2\x6b\x4c\x55\x12\xf5\xe5\x9c\xc2\xee\xad\x0a\xbf\x8b\
\xd9\xfd\xdf\x96\x8e\x41\x45\x64\xf0\x94\x59\x18\xf7\xe5\xeb\xe1\
\x0f\x04\xa4\xa3\xe4\xc4\xc1\xd6\xfd\xf7\x75\xc8\x1d\x12\x3a\xec\
\x07\x28\xb5\x47\x61\x64\xdb\x63\xa8\x18\x39\x59\x3a\x0a\x15\xa1\
\x53\x2d\x5e\xc2\xd6\x5b\x73\x06\x6d\x94\x8e\x40\x45\xa8\xcc\x1a\
\x8e\x96\x45\xf7\xa0\x7c\xc0\x20\xe9\x28\x59\xf5\x45\xeb\xfe\xfb\
\xea\xe9\x16\xc9\xa2\xdd\x0f\x50\x7b\xec\x59\x18\x71\xc5\x3f\x23\
\x50\x55\x27\x1d\x85\x8a\x54\x7d\x79\x1a\x63\x78\x3a\x60\x8f\xd5\
\x85\x52\x38\xbe\xea\x7d\xe9\x18\x54\xa4\xcc\x40\x08\xe3\x5a\x6f\
\xc7\x90\x89\xe1\xa2\x3c\xb0\xeb\x50\xeb\xfe\x9f\xfb\xdc\x9e\x7c\
\x52\x31\xee\x07\x30\xfc\x41\xd4\xcf\xb9\x19\xf6\x59\xd7\x40\x99\
\x3e\xe9\x38\x54\xe4\x4e\x1f\xba\x13\xa5\x3e\x4f\x3a\x46\xde\x33\
\x15\xd0\x6a\xbf\x2e\x1d\x83\x34\x50\x7f\xda\x3c\x8c\x3a\xef\xab\
\x30\x4d\x53\x3a\x4a\xc6\xf4\x64\xdd\x7f\x5f\x3d\xbe\x48\xb2\x98\
\xf6\x03\x04\x6b\x2d\x8c\xbc\xea\xbb\xa8\x9e\x78\x8a\x74\x14\xd2\
\x44\x55\xc0\xc5\x45\x4d\xdb\xc1\x3b\x98\x1e\x9c\x02\x30\xd7\x7a\
\x1b\xc3\x4a\x78\xf0\x0f\xe5\x46\x55\xf3\x44\xb4\x5c\x79\x17\x4a\
\x2a\xfa\x49\x47\xc9\x88\x9e\xac\xfb\xef\x4b\x79\x5e\xef\xde\x95\
\xc4\xa3\xf6\x8f\x01\x5c\xd6\xcb\x5c\x79\xa3\xdf\xd8\x30\x86\xce\
\xf9\x3a\xcc\x60\xa9\x74\x14\xd2\xd0\x8b\x1f\x86\xf0\x9b\x8d\xf9\
\x73\x5d\xf2\xc6\x4f\xf3\x67\x83\xe2\xb4\xda\x4f\x70\xc9\x90\xd7\
\xa4\x63\x90\x96\x5c\xac\xff\xc5\x52\x7c\xf4\xfa\xab\xd2\x41\xfa\
\xcc\x67\xa8\x0d\x27\xfe\x30\x31\xa2\x37\x5f\xd3\x97\x63\x92\x0a\
\x75\x3f\x80\x03\xe0\xa6\xc6\xf9\x8b\x39\xf8\x93\x98\x63\x06\x74\
\xe2\xe8\x01\x9d\xd2\x31\xf2\xce\xb0\xb2\x4e\x0e\xfe\x24\xc8\xc0\
\x88\xf3\x17\x22\x60\xaa\xeb\x94\x42\xc1\x5d\x7b\xda\x9b\x75\xff\
\xcf\x7d\x5d\x6f\xbf\xa0\x40\xf7\x03\x6c\x06\x70\xd2\xe4\xa5\x9b\
\xee\x97\x0e\x42\x34\x6b\xe8\x4e\x0c\xab\x48\x49\xc7\xc8\x1b\xfd\
\x02\x0e\x6e\x6c\xfc\xab\x74\x0c\x22\x4c\x5b\x96\x78\x38\x60\xaa\
\xa3\x4c\x03\x05\xb3\x0e\xd5\xdb\x75\xff\x7d\xf5\xe9\xa0\xe4\x02\
\xdb\x0f\xd0\x01\x60\xe2\xe4\xa5\x9b\x5e\x90\x0e\x42\x04\x74\x6f\
\x74\xbb\xa8\x69\x3b\xaa\x83\x05\xf7\x46\x23\xe3\x02\x86\x87\x9b\
\x9a\x5e\x85\xdf\xe0\x9f\x05\xe5\x87\x70\x2c\xf1\xb2\xcf\x50\x03\
\xfd\x86\x5a\x21\x9d\xa5\x27\x7a\xbb\xee\xbf\xaf\x3e\xdf\x29\xa1\
\x40\xce\x07\x78\x10\xc0\x8c\xc9\x4b\x37\xbd\x27\x1d\x84\x68\x5f\
\xa5\x3e\x0f\xf3\x87\x6f\x43\xd0\xd4\xf7\xca\x00\x43\x01\xd1\x86\
\xd7\x31\xc0\xcf\x7b\x26\x50\x7e\x09\xc7\x12\x9d\x27\xfc\x30\x71\
\x54\xc0\x54\xff\xa4\x80\xbc\xfd\x21\xed\xe9\xf5\xfe\x07\x73\xb8\
\xb7\x4a\xca\xd7\xfd\x00\xdb\x01\x5c\x30\x79\xe9\xa6\x1b\x26\x2f\
\xdd\x94\x3f\xbb\x9c\x88\xf6\x51\x57\xe2\xe0\xab\xa3\x3e\xd5\x72\
\x26\x20\x60\x78\x58\xd4\xf8\x1a\xc6\x95\x7f\x22\x1d\x85\xe8\xa0\
\xa6\x2d\x4b\xdc\x18\xf0\xa9\x59\x86\x42\x97\x74\x96\xfd\xf5\x75\
\xdd\xff\x73\x8f\x71\x38\x5f\x9c\xa7\xfb\x01\x56\x01\x38\x7a\xf2\
\xd2\x4d\xff\x26\x1d\x84\xe8\x50\xea\x4a\x1c\x5c\x39\x7a\xab\x56\
\x7b\x02\xfa\x05\x1c\xdc\xd1\xfc\x57\x0e\xfe\x54\x10\xc2\xb1\xc4\
\x73\x7e\x53\xd5\xfb\x0c\xf5\x96\x74\x96\xbd\x0e\x67\xdd\x7f\x5f\
\x87\x7d\xb3\xe4\x3c\xdb\x0f\xf0\x24\x80\x63\x27\x2f\xdd\xb4\x4e\
\x3a\x08\x51\x4f\x95\xfa\x3c\x5c\x3a\x72\x9b\x16\x57\x07\x0c\x2b\
\xeb\xc4\x92\x91\x2f\x71\xda\x9f\x0a\x4a\x38\x96\xf8\xe0\xc4\x1f\
\x26\x86\x05\x4c\xf5\xb4\x74\x16\xe0\xf0\xd6\xfd\xf7\xd5\xeb\x73\
\x00\x0e\x46\xf8\x7c\x80\x14\x80\xeb\x27\x2f\xdd\xf4\xe8\x21\x3f\
\xf1\xe3\x75\x79\xbb\x9e\x43\xf4\xe2\x87\x21\x3c\xfb\x4e\x19\xdc\
\x1c\xfd\x2b\xcd\xd5\x39\x00\x0a\x40\x98\xd7\xf9\x53\x9e\x2b\x1b\
\x7d\xce\x21\x8f\xea\xea\x88\x58\x0b\x52\x8e\xf7\x03\xd7\x83\xc8\
\x11\x82\x7d\xb9\xde\xff\x60\x0e\x7b\x06\x60\x1f\x52\xfb\x01\x36\
\x01\x38\xa1\x27\x83\x3f\x51\xbe\x3b\x66\x40\x27\x2e\x1b\xb9\xad\
\xa8\x8e\x0d\x36\x15\x30\xdf\x7e\x9b\x83\x3f\x15\x85\x70\x2c\xf1\
\x43\xbf\xa9\xc6\x9a\x06\x3e\xce\xf5\x73\x67\x62\xdd\xff\x73\x8f\
\x97\xa9\x07\x12\xda\x0f\xf0\x5f\x00\x26\x4d\x5e\xba\xe9\x7f\x72\
\xf8\x9c\x44\x59\x35\xac\x22\x85\xe8\x98\xad\x45\x71\x03\xa1\xba\
\x50\x0a\x37\x0d\x5f\x8d\x13\xaa\x79\x21\x0e\x15\x8f\x70\x2c\xf1\
\x9a\xcf\x50\x83\xfc\xa6\x6a\xcf\xd5\x73\x66\x6a\xdd\xff\x73\x8f\
\x99\xa9\x25\x80\xbd\xe2\x51\xfb\x2b\x00\x7e\x94\xd1\x07\xfd\x7b\
\x1e\x80\x25\x00\x6e\x9f\xbc\x74\x53\xaf\xb6\x50\x73\x09\x80\x0a\
\xc9\xc6\x1d\x3e\xfc\x2e\x51\x86\x8d\x3b\xb2\x73\xc3\xaa\x6c\x2d\
\x01\x54\xf8\x5d\xcc\x19\xb4\x91\x77\xf5\xa3\x82\xd2\x93\x25\x80\
\xfd\xb5\xb7\x5a\xb7\xa5\x5c\x6f\xb1\xe7\x65\xf7\xe6\x82\x01\x53\
\x2d\x3b\x9c\x4b\xfe\x0e\x24\xe3\x05\x00\x00\xe2\x51\xfb\x6e\x00\
\xb7\x66\xfc\x81\xbb\x6d\x01\x70\xe9\xe4\xa5\x9b\x7e\xd3\x97\x2f\
\x66\x01\xa0\x42\xb4\x66\x6b\x00\xff\x99\x28\xc5\x47\x9d\x99\x5d\
\x76\xcc\x74\x01\x08\x99\x1e\x4e\xab\x7b\x1f\xb3\xfb\xbf\x9d\xd1\
\xc7\x25\xca\x85\xbe\x14\x00\x00\xe8\x88\x58\xe1\xb4\xe3\x3d\xef\
\x78\xc8\xca\x39\xf3\x7e\x43\xc5\x4f\xf8\x61\xe2\xe8\x4c\x3f\x6e\
\x26\xf7\x00\xfc\xcd\xe4\xa5\x9b\xbe\x89\xee\x43\x78\x32\x6d\x25\
\x80\xa3\xfa\x3a\xf8\x13\x15\xaa\x31\x55\x49\x2c\x1a\xbb\x15\x67\
\x35\xec\x44\x85\x3f\xff\xce\x0d\xf0\x19\xc0\x09\xfd\x3f\xc6\x43\
\x63\xfe\xc2\xc1\x9f\xb4\x13\x8e\x25\x3a\x7c\xa6\x1a\xec\x33\xd4\
\x9a\x4c\x3f\xb6\xcf\x50\x6f\x19\x06\x8e\xcd\xf4\xe3\x02\x59\x9a\
\x01\xd8\x2b\x1e\xb5\xef\x07\x70\x03\x90\x91\xa9\x91\x65\x00\x16\
\x4d\x5e\xba\xe9\xb0\xae\x95\xe2\x0c\x00\x15\xba\x94\xab\xf0\xe2\
\x87\x21\xbc\xba\x25\x80\x77\x77\xfa\x0e\xeb\x98\xb2\xc3\x9d\x01\
\x28\xf7\xb9\x18\x5b\xb1\x0d\x73\x07\xaf\x47\x99\xc9\x33\xb7\xa8\
\xb0\xf5\x75\x06\x60\x5f\xed\xad\xd6\xe3\x29\xc7\x8b\x64\x62\xa0\
\xf1\x19\x6a\xb5\x69\xe0\xe8\x70\x2c\x91\x95\xbd\x75\x59\x2d\x00\
\x00\x10\x8f\xda\x61\x00\x8f\x03\x18\xdd\xc7\x87\xf8\x1f\x00\xb7\
\x4e\x5e\xba\xe9\xff\x66\x22\x0f\x0b\x00\x15\x93\x6d\x29\x03\x6b\
\xb7\x06\xb0\x76\x6b\x00\x6f\x6e\xf7\xc3\xe9\xe5\xbf\xee\xde\x16\
\x00\x05\xa0\x3a\xe0\xe0\x88\x8a\x4f\x31\xa3\x36\x01\x3b\xb8\xb3\
\x77\x4f\x48\x94\xc7\x32\x51\x00\x00\xa0\x23\x62\x9d\x92\x76\xbd\
\x9f\x3b\x2e\x6a\xfa\xf2\xf5\x0a\xf0\xfc\xa6\xfa\xce\xb4\x65\x89\
\xeb\x32\x91\xe7\xa0\xcf\x93\xed\x02\x00\x00\xf1\xa8\x1d\x04\x70\
\x0d\x80\x56\x00\xcd\x3d\xfc\xb2\xbf\x02\xf8\xe6\xe4\xa5\x9b\x0e\
\xfb\xb0\x83\x7d\xb1\x00\x50\xb1\xea\x72\x14\x5e\xfb\x34\x80\x35\
\x5b\x03\x78\x7d\x9b\x1f\x5d\xce\xa1\x5f\xcb\x7a\x52\x00\x0c\x05\
\x0c\x0c\x25\xd1\x52\xb9\x05\x33\x6b\x12\xe8\xe7\x2b\xfc\xab\x13\
\x88\x0e\x24\x53\x05\x60\xaf\xf6\x56\xeb\x7b\x69\xd7\xbb\xdc\xf5\
\x10\xea\xc9\xe7\x2b\xc0\xf3\x99\xea\x4f\x86\x42\x24\x1c\x4b\xac\
\xcd\x64\x96\x03\x3e\x5f\x2e\x0a\xc0\xbe\xe2\x51\xfb\x68\x00\x17\
\x03\x38\x02\x80\x0d\x60\x28\xba\x0f\xf2\x59\xbb\xcf\xaf\xbf\x02\
\xf8\xcf\xc9\x4b\x37\x65\x3c\x1c\x0b\x00\xe9\xc0\xf1\x80\x2d\x5d\
\x26\xb6\xa7\x8c\xfd\x7e\xa9\xcf\xfe\x3b\x69\xe0\x8d\xad\x0e\xfc\
\x86\x87\x90\xe1\xa2\xd4\xe7\xa0\xc2\x97\x46\x95\x2f\x89\x6a\x7f\
\x17\x06\x04\x3a\x51\x17\xd8\x8d\xe1\x25\xdb\x78\xb7\x3e\xd2\x42\
\xa6\x0b\xc0\x5e\x1d\x11\x6b\x9e\xeb\xe2\x7a\x17\x5e\x93\xeb\xa1\
\xd2\xdb\x73\x88\x90\x52\x70\x15\x90\x34\x94\x7a\xdd\x50\xf8\x2f\
\xa5\xf0\x4f\xe1\x58\x22\x91\x8d\x0c\x07\x92\xf3\x02\x20\x8d\x05\
\x80\xe8\x33\xc9\x0f\x33\xbe\x67\x89\xa8\x60\x65\xab\x00\xec\xaf\
\x23\x62\x05\xc2\xb1\x84\xf8\x54\x5a\x56\xae\x02\x20\x22\x22\xa2\
\x03\xcb\x87\xc1\x1f\x60\x01\x20\x22\x22\xd2\x12\x0b\x00\x11\x11\
\x91\x86\x58\x00\x88\x88\x88\x34\xc4\x02\x40\x44\x44\xa4\x21\x16\
\x00\x22\x22\x22\x0d\xb1\x00\x10\x11\x11\x69\x88\x05\x80\x88\x88\
\x48\x43\x2c\x00\x44\x44\x44\x1a\x62\x01\x20\x22\x22\xd2\x10\x0b\
\x00\x11\x11\x91\x86\x58\x00\x88\x88\x88\x34\xc4\x02\x40\x44\x44\
\xa4\x21\x16\x00\x22\x22\x22\x0d\xb1\x00\x10\x11\x11\x69\x88\x05\
\x80\x88\x88\x48\x43\x2c\x00\x44\x44\x44\x1a\x62\x01\x20\x22\x22\
\xd2\x10\x0b\x00\x11\x11\x91\x86\x58\x00\x88\x88\x88\x34\xc4\x02\
\x40\x44\x44\xa4\x21\x16\x00\x22\x22\x22\x0d\xb1\x00\x10\x11\x11\
\x69\x88\x05\x80\x88\x88\x48\x43\x2c\x00\x44\x44\x44\x1a\x62\x01\
\x20\x22\x22\xd2\x10\x0b\x00\x11\x11\x91\x86\x58\x00\x88\x88\x88\
\x34\xc4\x02\x40\x44\x44\xa4\x21\x9f\x74\x00\xd2\x9b\xe3\xba\x78\
\x65\xc3\x46\xfc\xf9\x95\x75\xd8\xb0\xe9\x7d\x7c\xfc\xe9\x76\x7c\
\xfc\xe9\x76\xec\xea\x4a\x4a\x47\xd3\x42\x72\xeb\x56\xe9\x08\x5a\
\x50\x4a\xc1\xe7\x33\x11\x0a\x06\x30\xa4\x7f\x25\x4e\x9a\x34\x02\
\x67\x1c\x37\x0a\x01\x9f\x29\x1d\x8d\x34\xa6\x3c\xcf\x93\xce\x90\
\x53\xa9\x8f\xd7\xe9\xf5\x0d\xe7\xa9\x5d\x5d\x49\x3c\xfd\x5f\x7f\
\xc4\xbf\xbf\xf0\x22\x76\xec\xee\x94\x8e\xa3\x2d\x16\x00\x39\xca\
\x50\x38\x72\x84\x85\x5b\xe7\xcf\x40\x4d\x45\x89\x74\x1c\x02\x50\
\x36\xfa\x1c\x25\x9d\x21\x97\x58\x00\x28\xe7\x9e\xfd\xd3\x0a\x2c\
\xfb\xf5\x7f\xe3\xd3\x1d\xbb\xa4\xa3\x68\x8f\x05\x40\x9e\x61\x18\
\x38\xe5\xd8\x51\xf8\x87\x0b\xa6\x49\x47\xd1\x9e\x6e\x05\x80\x4b\
\x00\x94\x33\x69\xc7\xc5\x23\xcf\x3c\x8b\xff\xf8\xe3\x4b\xd2\x51\
\x88\xf2\x86\xeb\xba\x78\xfe\xcf\x6b\xb0\xee\xed\x0f\xf1\xe8\x35\
\x67\x21\xe4\xe7\xcb\x32\xe5\x06\x37\x01\x52\x4e\xa4\x1d\x17\xb7\
\x7c\xff\x09\x0e\xfe\x44\x07\xf1\xd6\xbb\x1f\x61\xde\xdd\x3f\x47\
\x67\x2a\x2d\x1d\x85\x34\xc1\x02\x40\x39\xf1\xc8\x33\xcf\x62\xe5\
\xba\x37\xa5\x63\x10\xe5\xb5\x6d\xdb\x77\x61\xd1\x77\x7e\x25\x1d\
\x83\x34\xc1\x02\x40\x59\xf7\xec\x9f\x56\xf0\x9d\x3f\x51\x0f\xbd\
\xf5\xee\x47\xb8\xff\x99\x76\xe9\x18\xa4\x01\x16\x00\xca\xaa\x5d\
\x5d\x49\x2c\xfb\xf5\x7f\x4b\xc7\x20\x2a\x28\xff\xf9\xff\xd6\xe1\
\x93\xed\xbb\xa5\x63\x50\x91\x63\x01\xa0\xac\x7a\xfa\xbf\xfe\xc8\
\xdd\xfe\x44\xbd\xe4\xba\x2e\xbe\xfd\xaf\xbf\x97\x8e\x41\x45\x8e\
\x05\x80\xb2\xc6\x71\x5d\xfc\xfb\x0b\x2f\x4a\xc7\x20\x2a\x48\x7f\
\x5d\x9f\x40\x32\xed\x48\xc7\xa0\x22\xc6\x02\x40\x59\xf3\xca\x86\
\x8d\x3c\xe4\x87\xa8\x8f\x3c\xd7\xc3\x6f\xfe\x67\x9d\x74\x0c\x2a\
\x62\x2c\x00\x94\x35\x7f\x7e\x85\x2f\x5e\x44\x87\xe3\xbf\x57\xac\
\x97\x8e\x40\x45\x8c\x05\x80\xb2\x66\xc3\xa6\xf7\xa5\x23\x10\x15\
\xb4\x77\x3f\xda\x26\x1d\x81\x8a\x18\x0b\x00\x65\xcd\xc7\x9f\x6e\
\x97\x8e\x40\x54\xd0\x3a\x79\x53\x2c\xca\x22\x16\x00\xca\x1a\x16\
\x00\xa2\xc3\x93\xe6\x26\x40\xca\x22\x16\x00\xca\x1a\xde\xd2\x97\
\xe8\xf0\xe8\x76\xb3\x36\xca\x2d\x16\x00\x22\x22\x22\x0d\xb1\x00\
\x10\x11\x11\x69\x88\x05\x80\x88\x88\x48\x43\x2c\x00\x44\x44\x44\
\x1a\x62\x01\x20\x22\x22\xd2\x10\x0b\x00\x11\x11\x91\x86\x58\x00\
\x88\x88\x88\x34\xc4\x02\x40\x44\x44\xa4\x21\x16\x00\x22\x22\x22\
\x0d\xb1\x00\x10\x11\x11\x69\x88\x05\x80\x88\x88\x48\x43\x2c\x00\
\x44\x44\x44\x1a\x62\x01\x20\x22\x22\xd2\x10\x0b\x00\x11\x11\x91\
\x86\x7c\xd2\x01\x88\x32\xed\xe2\x6b\xbe\x27\x1d\x21\xa7\x7e\xfe\
\x9d\x85\x22\xcf\x3b\xfd\xda\x7f\x11\x79\x5e\x29\x7f\x78\xf8\x52\
\xe9\x08\x44\x19\xc5\x19\x00\x22\x22\x22\x0d\xb1\x00\x10\x11\x11\
\x69\x88\x05\x80\x88\x88\x48\x43\x2c\x00\x44\x44\x44\x1a\x62\x01\
\x20\x22\x22\xd2\x10\x0b\x00\x11\x11\x91\x86\x58\x00\x88\x88\x88\
\x34\xc4\x02\x40\x44\x44\xa4\x21\x16\x00\x22\x22\x22\x0d\xb1\x00\
\x10\x11\x11\x69\x88\x05\x80\x88\x88\x48\x43\x2c\x00\x44\x44\x44\
\x1a\x62\x01\x20\x22\x22\xd2\x10\x0b\x00\x11\x11\x91\x86\x58\x00\
\x88\x88\x88\x34\xc4\x02\x40\x44\x44\xa4\x21\x16\x00\x22\x22\x22\
\x0d\xb1\x00\x10\x11\x11\x69\x88\x05\x80\x88\x88\x48\x43\x2c\x00\
\x44\x44\x44\x1a\x62\x01\x20\x22\x22\xd2\x10\x0b\x00\x11\x11\x91\
\x86\x58\x00\x88\x88\x88\x34\xc4\x02\x40\x44\x44\xa4\x21\x16\x00\
\x22\x22\x22\x0d\xb1\x00\x10\x11\x11\x69\x88\x05\x80\x88\x88\x48\
\x43\x2c\x00\x44\x44\x44\x1a\x62\x01\x20\x22\x22\xd2\x10\x0b\x00\
\x11\x11\x91\x86\x58\x00\x88\x88\x88\x34\xc4\x02\x40\x44\x44\xa4\
\x21\x16\x00\x22\x22\x22\x0d\xb1\x00\x10\x11\x11\x69\x88\x05\x80\
\x88\x88\x48\x43\x2c\x00\x44\x44\x44\x1a\x62\x01\x20\x22\x22\xd2\
\x10\x0b\x00\x11\x11\x91\x86\x58\x00\x88\x88\x88\x34\xc4\x02\x40\
\x44\x44\xa4\x21\x16\x00\x22\x22\x22\x0d\xb1\x00\x10\x11\x11\x69\
\x88\x05\x80\x88\x88\x48\x43\x2c\x00\x44\x44\x44\x1a\x62\x01\x20\
\x22\x22\xd2\x10\x0b\x00\x11\x11\x91\x86\x58\x00\x88\x88\x88\x34\
\xc4\x02\x40\x44\x44\xa4\x21\x16\x00\x22\x22\x22\x0d\xb1\x00\x10\
\x11\x11\x69\x88\x05\x80\x88\x88\x48\x43\x2c\x00\x44\x44\x44\x1a\
\x62\x01\x20\x22\x22\xd2\x10\x0b\x00\x11\x11\x91\x86\x58\x00\x88\
\x88\x88\x34\xc4\x02\x40\x44\x44\xa4\x21\x16\x00\x22\x22\x22\x0d\
\xb1\x00\x10\x11\x11\x69\x88\x05\x80\x88\x88\x48\x43\x2c\x00\x44\
\x44\x44\x1a\x62\x01\x20\x22\x22\xd2\x10\x0b\x00\x11\x11\x91\x86\
\x58\x00\x88\x88\x88\x34\xc4\x02\x40\x44\x44\xa4\x21\x16\x00\x22\
\x22\x22\x0d\xb1\x00\x10\x11\x11\x69\x88\x05\x80\x88\x88\x48\x43\
\x2c\x00\x44\x44\x44\x1a\x62\x01\x20\x22\x22\xd2\x10\x0b\x00\x11\
\x11\x91\x86\x58\x00\x88\x88\x88\x34\xc4\x02\x40\x44\x44\xa4\x21\
\x16\x00\x22\x22\x22\x0d\xb1\x00\x10\x11\x11\x69\x88\x05\x80\x88\
\x88\x48\x43\x2c\x00\x44\x44\x44\x1a\x62\x01\x20\x22\x22\xd2\x10\
\x0b\x00\x11\x11\x91\x86\x58\x00\x88\x88\x88\x34\xc4\x02\x40\x44\
\x44\xa4\x21\x16\x00\x22\x22\x22\x0d\xb1\x00\x10\x11\x11\x69\x88\
\x05\x80\x88\x88\x48\x43\x2c\x00\x44\x44\x44\x1a\x62\x01\x20\x22\
\x22\xd2\x10\x0b\x00\x11\x11\x91\x86\x58\x00\x88\x88\x88\x34\xc4\
\x02\x40\x44\x44\xa4\x21\x16\x00\x22\x22\x22\x0d\xb1\x00\x10\x11\
\x11\x69\x88\x05\x80\x88\x88\x48\x43\x2c\x00\x44\x44\x44\x1a\x62\
\x01\x20\x22\x22\xd2\x10\x0b\x00\x11\x11\x91\x86\x58\x00\x88\x88\
\x88\x34\xc4\x02\x40\x44\x44\xa4\x21\x16\x00\x22\x22\x22\x0d\xb1\
\x00\x10\x11\x11\x69\x88\x05\x80\x88\x88\x48\x43\x2c\x00\x44\x44\
\x44\x1a\x62\x01\x20\x22\x22\xd2\x10\x0b\x00\x11\x11\x91\x86\x58\
\x00\x88\x88\x88\x34\xc4\x02\x40\x44\x44\xa4\x21\x16\x00\x22\x22\
\x22\x0d\xb1\x00\x10\x11\x11\x69\x88\x05\x80\x88\x88\x48\x43\x2c\
\x00\x44\x44\x44\x1a\x62\x01\x20\x22\x22\xd2\x10\x0b\x00\x11\x11\
\x91\x86\x58\x00\x88\x88\x88\x34\xc4\x02\x40\x44\x44\xa4\x21\x16\
\x00\x22\x22\x22\x0d\xb1\x00\x10\x11\x11\x69\x88\x05\x80\x88\x88\
\x48\x43\x2c\x00\x44\x44\x44\x1a\x62\x01\x20\x22\x22\xd2\x10\x0b\
\x00\x11\x11\x91\x86\x58\x00\x88\x88\x88\x34\xc4\x02\x40\x44\x44\
\xa4\x21\xe5\x79\xde\x21\x3f\xe9\x3b\x9b\xda\x7c\x00\xa6\x01\x38\
\x13\x40\x0b\x80\x21\x7b\x7e\x55\x64\x35\x1d\x15\xb4\x5f\xde\xb4\
\x45\x3a\x02\x1d\x42\x72\xeb\x56\xe9\x08\x74\x08\xf5\xb7\xac\x97\
\x8e\x40\x79\xcc\x34\x4c\xcf\x6f\x04\x52\x3e\xd3\xbf\x33\x60\x06\
\xdf\x0c\xfa\x42\x4f\xf8\x0c\xff\xf7\x1f\x18\xff\x5c\xe7\xa1\xbe\
\xd6\xf7\x45\xbf\xf9\x9d\x4d\x6d\x15\x00\xfe\x01\xc0\xd5\x00\xaa\
\x32\x94\x97\x88\x88\x88\x32\xc0\x71\x1d\xe5\xb8\xbb\x03\x48\xef\
\x0e\x00\xa8\x06\x30\xc9\x34\x7c\xff\xb4\x70\xc5\xb4\x8e\x12\x7f\
\xd9\x45\xff\x34\xfe\xb9\xf7\x0e\xf6\xb5\x07\x5d\x02\xf8\xce\xa6\
\xb6\x08\x80\x37\x00\xdc\x06\x0e\xfe\x44\x44\x44\x05\xc1\x71\xd3\
\xea\xe3\x9d\x9b\xa7\xbd\xbf\xed\x9d\x4d\x57\xaf\x9c\xfe\x93\x83\
\x7d\xde\xdf\xcd\x00\x7c\x67\x53\x9b\x1f\xc0\xa3\x00\xae\xc8\x66\
\x40\x22\x22\x22\xca\x9e\xb4\x9b\x32\x3e\xd8\xf1\xee\xa5\xd1\xf8\
\x94\xa3\xcb\x83\x95\x93\x1f\x18\xff\xdc\xae\x7d\x7f\xff\x73\x33\
\x00\x7b\x06\xff\xdf\x82\x83\x3f\x11\x11\x51\x51\xd8\xb2\xfb\xa3\
\x31\x5b\x76\x7f\xf4\xce\x8d\xaf\x7c\xa9\x74\xdf\x8f\xef\xbf\x04\
\xf0\x28\x80\x93\x72\x17\x8b\x88\x88\x88\xb2\x6d\x47\xd7\xb6\x9a\
\x1d\x5d\xdb\xe2\xfb\x7e\xec\x6f\x05\x60\xcf\x9a\x3f\xdf\xf9\x13\
\x11\x11\x15\xa1\x2d\xbb\x3f\x1a\xb3\xef\x9e\x00\x03\xf8\xdb\x6e\
\xff\x7f\x14\x4b\x45\x44\x44\x44\x59\xf7\xc9\xae\x0f\xbf\x7c\xc3\
\x2b\x5f\x1a\x0c\x7c\x36\x03\xf0\x0f\x00\xfa\xcb\x45\x22\x22\x22\
\xa2\x6c\x4b\xbb\x29\x63\x77\x6a\xe7\x53\x00\x60\xec\x39\xe4\xe7\
\x6a\xe1\x4c\x44\x44\x44\x94\x03\x5b\x77\x7f\x1c\xbe\xf1\x95\x2f\
\x85\x0c\x74\x9f\xf0\xc7\xeb\xfc\x89\x88\x88\x34\xe0\xb8\x69\x95\
\x76\x53\x57\x19\xe8\x3e\xde\x97\x88\x88\x88\x34\xd1\x95\xee\xfc\
\xb2\x81\xee\xb3\xfd\x89\x88\x88\x48\x13\x49\xa7\x6b\x98\x81\xee\
\x9b\xfa\x10\x11\x11\x91\x26\xd2\x4e\xaa\x8c\x05\x80\x88\x88\x48\
\x33\x29\x37\xe9\x3f\xe8\xcd\x80\x88\x88\x88\xa8\x78\x19\x00\xde\
\x95\x0e\x41\x44\x44\x44\xb9\xe3\x37\x02\x29\x16\x00\x22\x22\x22\
\xcd\xf8\x4c\xff\x4e\x03\xc0\xcb\xd2\x41\x88\x88\x88\x28\x77\x02\
\x66\xf0\x4d\x03\xc0\xaf\xa5\x83\x10\x11\x11\x51\xee\x04\x7d\xa1\
\x27\x0c\x00\xed\x00\xb6\x4a\x87\x21\x22\x22\xa2\xec\x33\x0d\x9f\
\xe7\x33\xfc\xdf\x37\xae\xb1\xbf\x9b\x06\xf0\x88\x74\x20\x22\x22\
\x22\xca\xbe\xaa\x92\xda\x8e\x07\xc6\x3f\xd7\xb9\xf7\x32\xc0\xfb\
\x01\x7c\x24\x19\x88\x88\x88\x88\xb2\xcb\x67\xf8\xdd\x12\x7f\xd9\
\x45\xc0\x9e\xdb\x01\x5f\x63\x7f\x77\x3b\x80\x5b\x44\x53\x11\x11\
\x11\x51\x56\xd5\x94\x0e\x78\xe2\x9f\xc6\x3f\xf7\x1e\xb0\xa7\x00\
\x00\xc0\x35\xf6\x77\x63\x00\x7e\x20\x96\x8a\x88\x88\x88\xb2\xa6\
\xba\xa4\xff\x9a\x47\x26\xfe\xe1\xb2\xbd\xff\xbf\xff\x49\x80\x8b\
\x00\xfc\x77\x6e\x23\x11\x11\x11\x51\x36\x95\x07\x2b\x3f\x29\x0f\
\x56\x4e\xde\xf7\x63\x9f\x2b\x00\xd7\xd8\xdf\x4d\x01\x38\x1d\x9c\
\x09\x20\x22\x22\x2a\x0a\xd5\x25\xfd\xd7\x54\x97\xf4\x1f\xfa\xc0\
\xf8\xe7\x76\xed\xfb\x71\xdf\xfe\x9f\xb8\xa7\x04\x5c\xf9\x9d\x4d\
\x6d\x7f\x01\xf0\x8f\x00\xfa\xe7\x28\x23\x11\x11\x11\x65\x88\xcf\
\xf0\xbb\x35\xa5\x03\x9e\xd8\x77\xda\x7f\x5f\x07\xbd\x19\xd0\x9e\
\x3d\x01\x4d\x00\xbe\x05\x9e\x13\x40\x44\x44\x54\x10\x4c\xc3\xe7\
\xd5\x96\x0d\x6c\x1f\x54\x39\xd4\x3e\xd8\xe0\x0f\x00\xca\xf3\xbc\
\x43\x3e\xd8\x77\x36\xb5\xf9\x00\x4c\x03\x70\x26\x80\x16\x74\xdf\
\x42\x78\x08\x80\x8a\x0c\xe5\xa5\x22\xf4\xcb\x9b\xb6\x48\x47\xa0\
\x43\x48\x6e\x65\xb7\xcf\x77\xf5\xb7\xac\x97\x8e\x40\x79\xcc\x34\
\x4c\xcf\x6f\x04\x52\x3e\xd3\xbf\x33\x60\x06\xdf\x0c\xfa\x42\x4f\
\xf8\x0c\xff\xf7\x1f\x18\xff\x5c\xe7\xa1\xbe\xb6\x47\x05\x80\xe8\
\x73\x56\xa9\x4b\x01\xfc\x44\x3a\x06\x65\xc0\x5f\xa4\x03\x5b\x2a\
\xec\x8c\x00\x00\x05\x3b\x49\x44\x41\x54\x50\x46\x0c\xc0\x0f\x30\
\xdb\xbb\x52\x3a\x06\x15\x16\x16\x00\xea\x9d\x55\xca\x04\xb0\x1a\
\x40\xb3\x74\x14\xca\x00\x16\x80\xe2\x10\x44\x12\xb5\xa8\xc0\xa9\
\x5e\x52\x3a\x0a\x15\x8e\x83\xee\x01\x20\x3a\x88\x8b\xc0\xc1\x9f\
\x28\xbf\x74\x21\x80\x14\x1e\x94\x8e\x41\x85\x85\x33\x00\xd4\x73\
\xab\x94\x01\xe0\x55\x00\x63\xa4\xa3\x50\x86\x70\x06\xa0\x78\x04\
\xd1\x85\x5a\x94\xe3\x54\x2f\x2d\x1d\x85\x0a\x03\x67\x00\xa8\x37\
\xe6\x80\x83\x3f\x51\x7e\xea\x42\x10\x29\xdc\x2f\x1d\x83\x0a\x07\
\x67\x00\xa8\x67\x56\x29\x05\xe0\x7f\x01\x8c\x97\x8e\x42\x19\xc4\
\x19\x80\xe2\x12\x42\x27\x6a\x50\x86\x53\x3d\x57\x3a\x0a\xe5\x3f\
\xce\x00\x50\x4f\x9d\x0b\x0e\xfe\x44\xf9\xad\x13\x21\xa4\x70\x8f\
\x74\x0c\x2a\x0c\x2c\x00\xd4\x53\xb7\x49\x07\x20\xa2\x1e\xd8\x8e\
\x45\xd2\x11\xa8\x30\xb0\x00\xd0\xa1\xad\x52\x7b\x0f\x80\x22\xa2\
\x7c\xd7\x89\x12\x3c\xab\xbe\x25\x1d\x83\xf2\x1f\x0b\x00\xf5\xc4\
\xed\xd2\x01\x88\xa8\x17\xb6\xe3\x3a\xe9\x08\x94\xff\x58\x00\xe8\
\x8b\xad\x52\xa7\x03\x98\x7c\xc8\xcf\x23\xa2\xfc\xb1\x1b\x65\x78\
\x56\x71\xd9\x8e\xbe\x10\x0b\x00\x1d\x0a\xdf\xfd\x13\x15\xa2\x1d\
\xb8\x49\x3a\x02\xe5\x37\x16\x00\x3a\xb8\x55\xea\x14\x00\xc7\x49\
\xc7\x20\xa2\x3e\xd8\x85\x72\x3c\xab\xbe\x2e\x1d\x83\xf2\x17\x0b\
\x00\x7d\x11\xbe\xfb\x27\x2a\x64\x3b\xf0\x0d\xe9\x08\x94\xbf\x58\
\x00\xe8\xc0\x56\xa9\x19\x00\xc2\xd2\x31\x88\xe8\x30\xec\x42\x25\
\x7e\xab\xb8\x21\x90\x0e\x88\x05\x80\x0e\x86\x1b\x88\x88\x8a\xc1\
\x0e\xfe\x2c\xd3\x81\xb1\x00\xd0\xdf\x5b\xa5\xc2\x00\x66\x48\xc7\
\x20\xa2\x0c\xd8\x89\x6a\xfc\x56\x2d\x94\x8e\x41\xf9\x87\x05\x80\
\x0e\x84\x6b\xff\x44\xc5\x64\x07\xee\x92\x8e\x40\xf9\x87\x05\x80\
\x3e\x6f\x95\x3a\x0e\xc0\x29\xd2\x31\x88\x28\x83\x76\xa2\x16\xbf\
\x55\x11\xe9\x18\x94\x5f\x58\x00\x68\x7f\x7c\xf7\x4f\x54\x8c\x76\
\x62\x89\x74\x04\xca\x2f\x2c\x00\xf4\x99\x55\x6a\x32\x80\xd3\xa5\
\x63\x10\x51\x16\xec\xc0\x00\xfc\x56\x5d\x22\x1d\x83\xf2\x07\x0b\
\x00\xed\x8b\xef\xfe\x89\x8a\xd9\x4e\xdc\x2f\x1d\x81\xf2\x07\x0b\
\x00\x75\x5b\xa5\x5a\x00\x9c\x29\x1d\x83\x88\xb2\x68\x07\x06\xe2\
\x39\x75\x91\x74\x0c\xca\x0f\x2c\x00\xb4\x17\xaf\x15\x26\xd2\xc1\
\x4e\x3c\x28\x1d\x81\xf2\x03\x0b\x00\x01\xab\xd4\x78\x00\xe7\x4a\
\xc7\x20\xa2\x1c\xd8\x8e\x21\x78\x4e\x9d\x27\x1d\x83\xe4\xb1\x00\
\x10\x00\x7c\x13\x80\x92\x0e\x41\x44\x39\xb2\x13\x0f\x4b\x47\x20\
\x79\x2c\x00\xba\x5b\xa5\xc6\x00\x98\x23\x1d\x83\x88\x72\x68\x3b\
\x86\xe2\x39\x35\x5b\x3a\x06\xc9\x62\x01\xa0\x6f\x82\xff\x0e\x88\
\xf4\xb3\x0b\x8f\x4a\x47\x20\x59\x7c\xe1\xd7\xd9\x2a\xd5\x0c\x80\
\x3b\x82\x89\x74\xb4\x1d\x8d\x78\x4e\x9d\x2a\x1d\x83\xe4\xb0\x00\
\xe8\xed\x56\x00\xa6\x74\x08\x22\x12\xe0\x01\xd8\x85\xef\x49\xc7\
\x20\x39\x2c\x00\xba\x5a\xa5\x86\x03\x98\x27\x1d\x83\x88\x04\x6d\
\xc7\x70\x3c\xaf\x78\xe7\x4f\x4d\xb1\x00\xe8\xeb\x16\x00\x3e\xe9\
\x10\x44\x24\xa8\x7b\x16\x60\xa9\x74\x0c\x92\xc1\x02\xa0\xa3\x55\
\xaa\x01\xc0\xa5\xd2\x31\x88\x28\x0f\x6c\x43\x33\x9e\x57\x53\xa4\
\x63\x50\xee\xb1\x00\xe8\xe9\x16\x00\x7e\xe9\x10\x44\x94\x07\xba\
\x67\x01\x1e\x97\x8e\x41\xb9\xc7\x02\xa0\x9b\x55\xca\x06\x70\xb9\
\x74\x0c\x22\xca\x23\xdb\x30\x16\xcf\xab\xa3\xa5\x63\x50\x6e\xb1\
\x00\xe8\xe7\x66\x00\x01\xe9\x10\x44\x94\x47\x3c\x00\xbb\xb1\x4c\
\x3a\x06\xe5\x16\x0b\x80\x4e\x56\xa9\x21\x00\x22\xd2\x31\x88\x28\
\x0f\x7d\x8a\xf1\x78\x5e\x4d\x94\x8e\x41\xb9\xc3\x02\xa0\x97\x9b\
\x00\x04\xa5\x43\x10\x51\x1e\xea\x9e\x05\xf8\xa1\x74\x0c\xca\x1d\
\x16\x00\x5d\xac\x52\x03\x01\x5c\x21\x1d\x83\x88\xf2\xd8\x36\xb4\
\xe0\x79\x35\x4e\x3a\x06\xfd\xff\xed\xdc\xb1\xab\x4e\x71\x1c\xc7\
\xf1\xf7\xc3\x73\x3c\xdd\x85\x74\x48\x19\x91\xc1\x19\xd4\x4d\xca\
\x3f\x80\xba\xdd\x81\x28\xa5\x8c\xee\x74\xcb\x22\xf9\x13\x94\x45\
\x61\xb0\x2a\x83\x92\x4d\x66\x93\x22\xdb\x4d\x64\x93\x81\x24\x06\
\xd7\xf5\xb8\xf7\xfe\x2c\xd7\x7e\x97\x73\xbe\xcf\xcf\xf7\xfd\xaa\
\xb3\xbf\xeb\x0c\xbf\xcf\xf0\xeb\x37\x0c\x07\x40\x1e\xcb\xc0\x5c\
\x74\x84\xa4\x19\xb6\x09\xac\xf9\x2e\x40\x16\x0e\x80\x3c\x2e\x45\
\x07\x48\xaa\xc0\x4f\x4e\x46\x27\x68\x18\x0e\x80\x0c\x56\x46\xf3\
\xc0\xe1\xe8\x0c\x49\x15\x98\xd2\xf0\x7c\xe4\x33\xe1\x09\x38\x00\
\x72\xb8\x18\x1d\x20\xa9\x22\xbf\x59\x8e\x4e\x50\xff\x1c\x00\x39\
\x9c\x88\x0e\x90\x54\x91\x29\x47\xa3\x13\xd4\x3f\x07\x40\x0e\xfb\
\xa3\x03\x24\x55\x64\xc3\x0b\xc3\x19\x38\x00\x72\x70\x00\x48\xda\
\xbe\x0d\xdf\x0b\xc9\xc0\x01\x90\x43\x1b\x1d\x20\xa9\x22\xeb\x9e\
\x0d\x19\xf8\x93\x73\xf8\x1c\x1d\x20\xa9\x22\x0d\xeb\xd1\x09\xea\
\x9f\x03\x20\x87\x77\xd1\x01\x92\x2a\xd2\xf0\x23\x3a\x41\xfd\x73\
\x00\xe4\xe0\x00\x90\xb4\x7d\x0d\x9f\xa2\x13\xd4\x3f\x07\x40\x0e\
\xaf\xa2\x03\x24\x55\xa4\xe1\x65\x74\x82\xfa\xe7\x00\xc8\xe1\x31\
\xf0\x25\x3a\x42\x52\x05\xc6\x6c\xd2\x70\x23\x3a\x43\xfd\x73\x00\
\x64\xd0\x95\x35\xe0\x7e\x74\x86\xa4\x0a\xec\xe6\x05\xa7\xcb\xf7\
\xe8\x0c\xf5\xcf\x01\x90\xc7\x3d\x60\x35\x3a\x42\xd2\x0c\xdb\x01\
\x4c\x58\x8a\xce\xd0\x30\x1c\x00\x59\x74\xe5\x2b\x70\x05\x28\xd1\
\x29\x92\x66\x54\xcb\x6d\xce\x94\xf7\xd1\x19\x1a\x86\x03\x20\x93\
\xae\x3c\x01\x6e\x46\x67\x48\x9a\x41\x2d\xcf\x58\x28\xd7\xa3\x33\
\x34\x1c\x07\x40\x36\x5d\xb9\x05\x3c\x88\xce\x90\x34\x43\xf6\xf0\
\x96\xc5\xb2\x10\x9d\xa1\x61\x39\x00\x32\xea\xca\x12\x70\x0d\x98\
\x46\xa7\x48\x0a\x34\x02\x5a\x9e\x72\xae\x1c\x8b\x4e\xd1\xf0\x1c\
\x00\x59\x75\xe5\x0e\x70\x0a\xf8\x10\x9d\x22\x29\xc0\x84\x3f\x1c\
\xe0\x32\x8b\xe5\x7c\x74\x8a\x62\x38\x00\x32\xeb\xca\x1b\xe0\x38\
\x70\x15\x78\x1d\x5c\x23\x69\x08\x73\xac\xb2\x8f\x87\xb4\x1c\xe4\
\x6c\x79\x14\x9d\xa3\x38\xa3\x52\xbc\x14\xae\x2d\x2b\xa3\x79\xe0\
\x02\x70\x04\x38\xb4\xf5\xed\x0d\x6d\x52\xbf\x7c\x23\xf2\xff\xb6\
\x93\xc2\x2e\x7e\x31\xe6\x1b\x63\x3e\x32\xe1\xae\x87\xbe\xfe\xf9\
\x0b\x22\x97\x83\x6a\x22\x81\x27\x7a\x00\x00\x00\x00\x49\x45\x4e\
\x44\xae\x42\x60\x82\
"

qt_resource_name = b"\
\x00\x07\
\x07\x3b\xe0\xb3\
\x00\x70\
\x00\x6c\x00\x75\x00\x67\x00\x69\x00\x6e\x00\x73\
\x00\x16\
\x02\x3d\x0d\xe2\
\x00\x62\
\x00\x75\x00\x69\x00\x6c\x00\x64\x00\x69\x00\x6e\x00\x67\x00\x5f\x00\x63\x00\x6c\x00\x61\x00\x73\x00\x73\x00\x69\x00\x66\x00\x69\
\x00\x63\x00\x61\x00\x74\x00\x6f\x00\x72\
\x00\x0e\
\x02\x5f\x9f\x47\
\x00\x69\
\x00\x63\x00\x6f\x00\x6e\x00\x5f\x00\x73\x00\x68\x00\x6f\x00\x72\x00\x74\x00\x2e\x00\x70\x00\x6e\x00\x67\
\x00\x08\
\x0a\x61\x5a\xa7\
\x00\x69\
\x00\x63\x00\x6f\x00\x6e\x00\x2e\x00\x70\x00\x6e\x00\x67\
"

qt_resource_struct_v1 = b"\
\x00\x00\x00\x00\x00\x02\x00\x00\x00\x01\x00\x00\x00\x01\
\x00\x00\x00\x00\x00\x02\x00\x00\x00\x01\x00\x00\x00\x02\
\x00\x00\x00\x14\x00\x02\x00\x00\x00\x02\x00\x00\x00\x03\
\x00\x00\x00\x46\x00\x00\x00\x00\x00\x01\x00\x00\x00\x00\
\x00\x00\x00\x68\x00\x00\x00\x00\x00\x01\x00\x00\x4b\x54\
"

qt_resource_struct_v2 = b"\
\x00\x00\x00\x00\x00\x02\x00\x00\x00\x01\x00\x00\x00\x01\
\x00\x00\x00\x00\x00\x00\x00\x00\
\x00\x00\x00\x00\x00\x02\x00\x00\x00\x01\x00\x00\x00\x02\
\x00\x00\x00\x00\x00\x00\x00\x00\
\x00\x00\x00\x14\x00\x02\x00\x00\x00\x02\x00\x00\x00\x03\
\x00\x00\x00\x00\x00\x00\x00\x00\
\x00\x00\x00\x46\x00\x00\x00\x00\x00\x01\x00\x00\x00\x00\
\x00\x00\x01\x9e\x4a\xe3\x21\x34\
\x00\x00\x00\x68\x00\x00\x00\x00\x00\x01\x00\x00\x4b\x54\
\x00\x00\x01\x99\xf1\xee\xbd\x42\
"

qt_version = [int(v) for v in QtCore.qVersion().split('.')]
if qt_version < [5, 8, 0]:
    rcc_version = 1
    qt_resource_struct = qt_resource_struct_v1
else:
    rcc_version = 2
    qt_resource_struct = qt_resource_struct_v2

def qInitResources():
    QtCore.qRegisterResourceData(rcc_version, qt_resource_struct, qt_resource_name, qt_resource_data)

def qCleanupResources():
    QtCore.qUnregisterResourceData(rcc_version, qt_resource_struct, qt_resource_name, qt_resource_data)

qInitResources()
